lot_id,section,lot,status,purchaser,year_sold,price,paid,burial_count,notes,geometry_source,updated_by,updated_on
A-1,A,1,open,,,,,0,,paper,import 2026-09-04,2026-09-04
A-2,A,2,open,,,,,0,,paper,import 2026-09-04,2026-09-04
A-3,A,3,open,,,,,0,,paper,import 2026-09-04,2026-09-04
A-4,A,4,open,,,,,0,,paper,import 2026-09-04,2026-09-04
A-5,A,5,open,,,,,0,,paper,import 2026-09-04,2026-09-04
A-6,A,6,open,,,,,0,,paper,import 2026-09-04,2026-09-04
A-7,A,7,open,,,,,0,,paper,import 2026-09-04,2026-09-04
A-8,A,8,open,,,,,0,,paper,import 2026-09-04,2026-09-04
A-9,A,9,open,,,,,0,,paper,import 2026-09-04,2026-09-04
A-10,A,10,open,,,,,0,,paper,import 2026-09-04,2026-09-04
A-11,A,11,open,,,,,0,,paper,import 2026-09-04,2026-09-04
A-12,A,12,open,,,,,0,,paper,import 2026-09-04,2026-09-04
A-13,A,13,open,,,,,0,,paper,import 2026-09-04,2026-09-04
A-14,A,14,open,,,,,0,,paper,import 2026-09-04,2026-09-04
A-15,A,15,open,,,,,0,,paper,import 2026-09-04,2026-09-04
A-16,A,16,open,,,,,0,,paper,import 2026-09-04,2026-09-04
A-17,A,17,open,,,,,0,,paper,import 2026-09-04,2026-09-04
A-18,A,18,open,,,,,0,,paper,import 2026-09-04,2026-09-04
A-19,A,19,open,,,,,0,,paper,import 2026-09-04,2026-09-04
A-20,A,20,open,,,,,0,,paper,import 2026-09-04,2026-09-04
A-21,A,21,open,,,,,0,,paper,import 2026-09-04,2026-09-04
A-22,A,22,open,,,,,0,,paper,import 2026-09-04,2026-09-04
A-23,A,23,open,,,,,0,,paper,import 2026-09-04,2026-09-04
A-24,A,24,open,,,,,0,,paper,import 2026-09-04,2026-09-04
A-25,A,25,open,,,,,0,,paper,import 2026-09-04,2026-09-04
A-26,A,26,open,,,,,0,,paper,import 2026-09-04,2026-09-04
A-27,A,27,occupied,,,,,1,,paper,import 2026-09-04,2026-09-04
A-28,A,28,occupied,,,,,1,,paper,import 2026-09-04,2026-09-04
A-29,A,29,occupied,,,,,1,,paper,import 2026-09-04,2026-09-04
A-30,A,30,occupied,,,,,1,,paper,import 2026-09-04,2026-09-04
A-31,A,31,occupied,,,,,1,,paper,import 2026-09-04,2026-09-04
A-32,A,32,occupied,,,,,1,,paper,import 2026-09-04,2026-09-04
A-33,A,33,open,,,,,0,,paper,import 2026-09-04,2026-09-04
A-34,A,34,occupied,,,,,1,,paper,import 2026-09-04,2026-09-04
A-35,A,35,occupied,,,,,1,,paper,import 2026-09-04,2026-09-04
A-36,A,36,occupied,,,,,1,,paper,import 2026-09-04,2026-09-04
A-37,A,37,occupied,,,,,1,,paper,import 2026-09-04,2026-09-04
A-38,A,38,occupied,,,,,1,,paper,import 2026-09-04,2026-09-04
A-39,A,39,occupied,,,,,1,,paper,import 2026-09-04,2026-09-04
A-40,A,40,occupied,,,,,1,,paper,import 2026-09-04,2026-09-04
A-41,A,41,open,,,,,0,,paper,import 2026-09-04,2026-09-04
A-42,A,42,open,,,,,0,,paper,import 2026-09-04,2026-09-04
A-43,A,43,occupied,,,,,1,,paper,import 2026-09-04,2026-09-04
A-44,A,44,open,,,,,0,,paper,import 2026-09-04,2026-09-04
A-45,A,45,open,,,,,0,,paper,import 2026-09-04,2026-09-04
A-46,A,46,open,,,,,0,,paper,import 2026-09-04,2026-09-04
A-47,A,47,occupied,,,,,1,,paper,import 2026-09-04,2026-09-04
A-48,A,48,occupied,,,,,1,,paper,import 2026-09-04,2026-09-04
A-49,A,49,occupied,,,,,1,,paper,import 2026-09-04,2026-09-04
A-50,A,50,occupied,,,,,1,,paper,import 2026-09-04,2026-09-04
A-51,A,51,open,,,,,0,,paper,import 2026-09-04,2026-09-04
A-52,A,52,occupied,,,,,2,,paper,import 2026-09-04,2026-09-04
A-53,A,53,occupied,,,,,1,,paper,import 2026-09-04,2026-09-04
A-54,A,54,occupied,,,,,1,,paper,import 2026-09-04,2026-09-04
A-55,A,55,occupied,,,,,1,,paper,import 2026-09-04,2026-09-04
A-56,A,56,occupied,,,,,1,,paper,import 2026-09-04,2026-09-04
A-57,A,57,occupied,,,,,1,,paper,import 2026-09-04,2026-09-04
A-58,A,58,occupied,,,,,1,,paper,import 2026-09-04,2026-09-04
A-59,A,59,occupied,,,,,1,,paper,import 2026-09-04,2026-09-04
A-60,A,60,occupied,,,,,1,,paper,import 2026-09-04,2026-09-04
A-61,A,61,occupied,,,,,1,,paper,import 2026-09-04,2026-09-04
A-62,A,62,occupied,,,,,1,,paper,import 2026-09-04,2026-09-04
A-63,A,63,occupied,,,,,1,,paper,import 2026-09-04,2026-09-04
A-64,A,64,occupied,,,,,1,,paper,import 2026-09-04,2026-09-04
A-65,A,65,occupied,,,,,1,,paper,import 2026-09-04,2026-09-04
A-66,A,66,occupied,,,,,2,,paper,import 2026-09-04,2026-09-04
A-67,A,67,occupied,,,,,1,,paper,import 2026-09-04,2026-09-04
A-68,A,68,occupied,,,,,2,,paper,import 2026-09-04,2026-09-04
A-69,A,69,occupied,,,,,2,,paper,import 2026-09-04,2026-09-04
A-70,A,70,open,,,,,0,,paper,import 2026-09-04,2026-09-04
A-71,A,71,occupied,,,,,1,,paper,import 2026-09-04,2026-09-04
A-72,A,72,open,,,,,0,,paper,import 2026-09-04,2026-09-04
A-73,A,73,open,,,,,0,,paper,import 2026-09-04,2026-09-04
A-74,A,74,open,,,,,0,,paper,import 2026-09-04,2026-09-04
A-75,A,75,open,,,,,0,,paper,import 2026-09-04,2026-09-04
A-76,A,76,open,,,,,0,,paper,import 2026-09-04,2026-09-04
A-77,A,77,open,,,,,0,,paper,import 2026-09-04,2026-09-04
A-78,A,78,open,,,,,0,,paper,import 2026-09-04,2026-09-04
A-79,A,79,occupied,,,,,1,,paper,import 2026-09-04,2026-09-04
A-80,A,80,occupied,,,,,1,,paper,import 2026-09-04,2026-09-04
A-81,A,81,open,,,,,0,,paper,import 2026-09-04,2026-09-04
A-82,A,82,open,,,,,0,,paper,import 2026-09-04,2026-09-04
A-83,A,83,open,,,,,0,,paper,import 2026-09-04,2026-09-04
A-84,A,84,open,,,,,0,,paper,import 2026-09-04,2026-09-04
A-85,A,85,open,,,,,0,,paper,import 2026-09-04,2026-09-04
A-86,A,86,open,,,,,0,,paper,import 2026-09-04,2026-09-04
A-87,A,87,open,,,,,0,,paper,import 2026-09-04,2026-09-04
A-88,A,88,open,,,,,0,,paper,import 2026-09-04,2026-09-04
A-89,A,89,open,,,,,0,,paper,import 2026-09-04,2026-09-04
A-90,A,90,open,,,,,0,,paper,import 2026-09-04,2026-09-04
A-91,A,91,open,,,,,0,,paper,import 2026-09-04,2026-09-04
A-92,A,92,occupied,,,,,1,,paper,import 2026-09-04,2026-09-04
A-93,A,93,occupied,,,,,1,,paper,import 2026-09-04,2026-09-04
A-94,A,94,occupied,,,,,1,,paper,import 2026-09-04,2026-09-04
A-95,A,95,open,,,,,0,,paper,import 2026-09-04,2026-09-04
A-96,A,96,open,,,,,0,,paper,import 2026-09-04,2026-09-04
A-97,A,97,open,,,,,0,,paper,import 2026-09-04,2026-09-04
A-98,A,98,occupied,,,,,1,,paper,import 2026-09-04,2026-09-04
A-99,A,99,occupied,,,,,1,,paper,import 2026-09-04,2026-09-04
A-100,A,100,open,,,,,0,,paper,import 2026-09-04,2026-09-04
A-101,A,101,open,,,,,0,,paper,import 2026-09-04,2026-09-04
A-102,A,102,open,,,,,0,,paper,import 2026-09-04,2026-09-04
A-103,A,103,occupied,,,,,1,,paper,import 2026-09-04,2026-09-04
A-104,A,104,open,,,,,0,,paper,import 2026-09-04,2026-09-04
A-105,A,105,open,,,,,0,,paper,import 2026-09-04,2026-09-04
A-106,A,106,open,,,,,0,,paper,import 2026-09-04,2026-09-04
A-107,A,107,open,,,,,0,,paper,import 2026-09-04,2026-09-04
A-108,A,108,open,,,,,0,,paper,import 2026-09-04,2026-09-04
A-109,A,109,occupied,,,,,1,,paper,import 2026-09-04,2026-09-04
A-110,A,110,open,,,,,0,,paper,import 2026-09-04,2026-09-04
A-111,A,111,occupied,,,,,1,,paper,import 2026-09-04,2026-09-04
A-112,A,112,occupied,,,,,1,paper mark: 112 TG UNK,paper,import 2026-09-04,2026-09-04
A-113,A,113,open,,,,,0,,paper,import 2026-09-04,2026-09-04
A-114,A,114,occupied,,,,,1,,paper,import 2026-09-04,2026-09-04
A-115,A,115,open,,,,,0,,paper,import 2026-09-04,2026-09-04
A-116,A,116,open,,,,,0,,paper,import 2026-09-04,2026-09-04
A-117,A,117,open,,,,,0,,paper,import 2026-09-04,2026-09-04
A-118,A,118,open,,,,,0,,paper,import 2026-09-04,2026-09-04
A-119,A,119,occupied,,,,,1,paper mark: 119 JM UNK,paper,import 2026-09-04,2026-09-04
A-120,A,120,occupied,,,,,1,,paper,import 2026-09-04,2026-09-04
A-121,A,121,open,,,,,0,,paper,import 2026-09-04,2026-09-04
A-122,A,122,open,,,,,0,,paper,import 2026-09-04,2026-09-04
A-123,A,123,open,,,,,0,,paper,import 2026-09-04,2026-09-04
A-124,A,124,open,,,,,0,,paper,import 2026-09-04,2026-09-04
A-125,A,125,open,,,,,0,,paper,import 2026-09-04,2026-09-04
A-126,A,126,open,,,,,0,,paper,import 2026-09-04,2026-09-04
A-127,A,127,open,,,,,0,,paper,import 2026-09-04,2026-09-04
A-128,A,128,occupied,,,,,1,,paper,import 2026-09-04,2026-09-04
A-129,A,129,occupied,,,,,1,,paper,import 2026-09-04,2026-09-04
A-130,A,130,occupied,,,,,1,,paper,import 2026-09-04,2026-09-04
A-131,A,131,occupied,,,,,1,,paper,import 2026-09-04,2026-09-04
A-132,A,132,occupied,,,,,1,,paper,import 2026-09-04,2026-09-04
A-133,A,133,occupied,,,,,1,,paper,import 2026-09-04,2026-09-04
A-134,A,134,occupied,,,,,1,,paper,import 2026-09-04,2026-09-04
A-135,A,135,occupied,,,,,1,,paper,import 2026-09-04,2026-09-04
A-136,A,136,occupied,,,,,1,,paper,import 2026-09-04,2026-09-04
A-137,A,137,occupied,,,,,1,,paper,import 2026-09-04,2026-09-04
A-138,A,138,occupied,,,,,1,,paper,import 2026-09-04,2026-09-04
A-139,A,139,occupied,,,,,1,,paper,import 2026-09-04,2026-09-04
A-140,A,140,open,,,,,0,,paper,import 2026-09-04,2026-09-04
A-141,A,141,open,,,,,0,,paper,import 2026-09-04,2026-09-04
A-142,A,142,open,,,,,0,,paper,import 2026-09-04,2026-09-04
A-143,A,143,open,,,,,0,,paper,import 2026-09-04,2026-09-04
A-144,A,144,open,,,,,0,,paper,import 2026-09-04,2026-09-04
A-145,A,145,open,,,,,0,,paper,import 2026-09-04,2026-09-04
A-146,A,146,open,,,,,0,,paper,import 2026-09-04,2026-09-04
A-147,A,147,open,,,,,0,,paper,import 2026-09-04,2026-09-04
A-148,A,148,open,,,,,0,,paper,import 2026-09-04,2026-09-04
A-149,A,149,open,,,,,0,,paper,import 2026-09-04,2026-09-04
A-150,A,150,open,,,,,0,,paper,import 2026-09-04,2026-09-04
A-151,A,151,open,,,,,0,,paper,import 2026-09-04,2026-09-04
A-152,A,152,open,,,,,0,,paper,import 2026-09-04,2026-09-04
A-153,A,153,open,,,,,0,,paper,import 2026-09-04,2026-09-04
A-154,A,154,occupied,,,,,1,,paper,import 2026-09-04,2026-09-04
A-155,A,155,occupied,,,,,1,,paper,import 2026-09-04,2026-09-04
A-156,A,156,occupied,,,,,1,,paper,import 2026-09-04,2026-09-04
A-157,A,157,open,,,,,0,,paper,import 2026-09-04,2026-09-04
A-158,A,158,open,,,,,0,,paper,import 2026-09-04,2026-09-04
A-159,A,159,open,,,,,0,,paper,import 2026-09-04,2026-09-04
A-160,A,160,open,,,,,0,,paper,import 2026-09-04,2026-09-04
A-161,A,161,occupied,,,,,1,,paper,import 2026-09-04,2026-09-04
A-162,A,162,open,,,,,0,,paper,import 2026-09-04,2026-09-04
A-163,A,163,open,,,,,0,,paper,import 2026-09-04,2026-09-04
A-164,A,164,occupied,,,,,1,,paper,import 2026-09-04,2026-09-04
A-165,A,165,occupied,,,,,1,,paper,import 2026-09-04,2026-09-04
A-166,A,166,open,,,,,0,,paper,import 2026-09-04,2026-09-04
A-167,A,167,open,,,,,0,,paper,import 2026-09-04,2026-09-04
A-168,A,168,open,,,,,0,,paper,import 2026-09-04,2026-09-04
A-169,A,169,open,,,,,0,,paper,import 2026-09-04,2026-09-04
A-170,A,170,occupied,,,,,1,,paper,import 2026-09-04,2026-09-04
A-171,A,171,occupied,,,,,1,,paper,import 2026-09-04,2026-09-04
A-172,A,172,occupied,,,,,1,,paper,import 2026-09-04,2026-09-04
A-173,A,173,occupied,,,,,1,,paper,import 2026-09-04,2026-09-04
A-174,A,174,open,,,,,0,,paper,import 2026-09-04,2026-09-04
A-175,A,175,occupied,,,,,1,,paper,import 2026-09-04,2026-09-04
A-176,A,176,occupied,,,,,1,,paper,import 2026-09-04,2026-09-04
A-177,A,177,open,,,,,0,,paper,import 2026-09-04,2026-09-04
A-178,A,178,open,,,,,0,,paper,import 2026-09-04,2026-09-04
A-179,A,179,occupied,,,,,1,,paper,import 2026-09-04,2026-09-04
A-180,A,180,open,,,,,0,,paper,import 2026-09-04,2026-09-04
B-1,B,1,open,,,,,0,,paper,import 2026-09-04,2026-09-04
B-2,B,2,open,,,,,0,,paper,import 2026-09-04,2026-09-04
B-3,B,3,open,,,,,0,,paper,import 2026-09-04,2026-09-04
B-4,B,4,open,,,,,0,,paper,import 2026-09-04,2026-09-04
B-5,B,5,open,,,,,0,,paper,import 2026-09-04,2026-09-04
B-6,B,6,open,,,,,0,,paper,import 2026-09-04,2026-09-04
B-7,B,7,occupied,,,,,1,,paper,import 2026-09-04,2026-09-04
B-8,B,8,open,,,,,0,,paper,import 2026-09-04,2026-09-04
B-9,B,9,occupied,,,,,1,,paper,import 2026-09-04,2026-09-04
B-10,B,10,open,,,,,0,,paper,import 2026-09-04,2026-09-04
B-11,B,11,open,,,,,0,,paper,import 2026-09-04,2026-09-04
B-12,B,12,open,,,,,0,,paper,import 2026-09-04,2026-09-04
B-13,B,13,open,,,,,0,,paper,import 2026-09-04,2026-09-04
B-14,B,14,open,,,,,0,,paper,import 2026-09-04,2026-09-04
B-15,B,15,occupied,,,,,1,,paper,import 2026-09-04,2026-09-04
B-16,B,16,open,,,,,0,,paper,import 2026-09-04,2026-09-04
B-17,B,17,occupied,,,,,1,,paper,import 2026-09-04,2026-09-04
B-18,B,18,occupied,,,,,1,,paper,import 2026-09-04,2026-09-04
B-19,B,19,occupied,,,,,2,,paper,import 2026-09-04,2026-09-04
B-20,B,20,occupied,,,,,1,,paper,import 2026-09-04,2026-09-04
B-21,B,21,open,,,,,0,,paper,import 2026-09-04,2026-09-04
B-22,B,22,open,,,,,0,,paper,import 2026-09-04,2026-09-04
B-23,B,23,open,,,,,0,,paper,import 2026-09-04,2026-09-04
B-24,B,24,open,,,,,0,,paper,import 2026-09-04,2026-09-04
B-25,B,25,open,,,,,0,,paper,import 2026-09-04,2026-09-04
B-26,B,26,open,,,,,0,,paper,import 2026-09-04,2026-09-04
B-27,B,27,open,,,,,0,,paper,import 2026-09-04,2026-09-04
B-28,B,28,open,,,,,0,,paper,import 2026-09-04,2026-09-04
B-29,B,29,open,,,,,0,,paper,import 2026-09-04,2026-09-04
B-30,B,30,open,,,,,0,,paper,import 2026-09-04,2026-09-04
B-31,B,31,occupied,,,,,1,,paper,import 2026-09-04,2026-09-04
B-32,B,32,occupied,,,,,2,,paper,import 2026-09-04,2026-09-04
B-33,B,33,occupied,,,,,3,,paper,import 2026-09-04,2026-09-04
B-34,B,34,occupied,,,,,1,,paper,import 2026-09-04,2026-09-04
B-35,B,35,occupied,,,,,2,,paper,import 2026-09-04,2026-09-04
B-36,B,36,occupied,,,,,1,,paper,import 2026-09-04,2026-09-04
B-37,B,37,occupied,,,,,1,,paper,import 2026-09-04,2026-09-04
B-38,B,38,occupied,,,,,1,,paper,import 2026-09-04,2026-09-04
B-39,B,39,occupied,,,,,1,,paper,import 2026-09-04,2026-09-04
B-40,B,40,occupied,,,,,2,,paper,import 2026-09-04,2026-09-04
B-41,B,41,open,,,,,0,,paper,import 2026-09-04,2026-09-04
B-42,B,42,open,,,,,0,,paper,import 2026-09-04,2026-09-04
B-43,B,43,open,,,,,0,,paper,import 2026-09-04,2026-09-04
B-44,B,44,open,,,,,0,,paper,import 2026-09-04,2026-09-04
B-45,B,45,open,,,,,0,,paper,import 2026-09-04,2026-09-04
B-46,B,46,open,,,,,0,,paper,import 2026-09-04,2026-09-04
B-47,B,47,open,,,,,0,,paper,import 2026-09-04,2026-09-04
B-48,B,48,open,,,,,0,,paper,import 2026-09-04,2026-09-04
B-49,B,49,open,,,,,0,,paper,import 2026-09-04,2026-09-04
B-50,B,50,open,,,,,0,,paper,import 2026-09-04,2026-09-04
B-51,B,51,open,,,,,0,,paper,import 2026-09-04,2026-09-04
B-52,B,52,open,,,,,0,,paper,import 2026-09-04,2026-09-04
B-53,B,53,open,,,,,0,,paper,import 2026-09-04,2026-09-04
B-54,B,54,open,,,,,0,,paper,import 2026-09-04,2026-09-04
B-55,B,55,open,,,,,0,,paper,import 2026-09-04,2026-09-04
B-56,B,56,open,,,,,0,,paper,import 2026-09-04,2026-09-04
B-57,B,57,open,,,,,0,,paper,import 2026-09-04,2026-09-04
B-58,B,58,open,,,,,0,,paper,import 2026-09-04,2026-09-04
B-59,B,59,open,,,,,0,,paper,import 2026-09-04,2026-09-04
B-60,B,60,open,,,,,0,,paper,import 2026-09-04,2026-09-04
B-61,B,61,open,,,,,0,,paper,import 2026-09-04,2026-09-04
B-62,B,62,open,,,,,0,,paper,import 2026-09-04,2026-09-04
B-63,B,63,open,,,,,0,,paper,import 2026-09-04,2026-09-04
B-64,B,64,open,,,,,0,,paper,import 2026-09-04,2026-09-04
B-65,B,65,open,,,,,0,,paper,import 2026-09-04,2026-09-04
B-66,B,66,open,,,,,0,,paper,import 2026-09-04,2026-09-04
B-67,B,67,open,,,,,0,,paper,import 2026-09-04,2026-09-04
B-68,B,68,open,,,,,0,,paper,import 2026-09-04,2026-09-04
B-69,B,69,open,,,,,0,,paper,import 2026-09-04,2026-09-04
B-70,B,70,open,,,,,0,,paper,import 2026-09-04,2026-09-04
B-71,B,71,open,,,,,0,,paper,import 2026-09-04,2026-09-04
B-72,B,72,occupied,,,,,1,,paper,import 2026-09-04,2026-09-04
B-73,B,73,occupied,,,,,1,,paper,import 2026-09-04,2026-09-04
B-74,B,74,occupied,,,,,1,,paper,import 2026-09-04,2026-09-04
B-75,B,75,occupied,,,,,1,,paper,import 2026-09-04,2026-09-04
B-76,B,76,occupied,,,,,1,,paper,import 2026-09-04,2026-09-04
B-77,B,77,occupied,,,,,1,,paper,import 2026-09-04,2026-09-04
B-78,B,78,occupied,,,,,1,,paper,import 2026-09-04,2026-09-04
B-79,B,79,occupied,,,,,1,,paper,import 2026-09-04,2026-09-04
B-80,B,80,occupied,,,,,2,,paper,import 2026-09-04,2026-09-04
B-81,B,81,open,,,,,0,,paper,import 2026-09-04,2026-09-04
B-82,B,82,open,,,,,0,,paper,import 2026-09-04,2026-09-04
B-83,B,83,open,,,,,0,,paper,import 2026-09-04,2026-09-04
B-84,B,84,open,,,,,0,,paper,import 2026-09-04,2026-09-04
B-85,B,85,occupied,,,,,1,,paper,import 2026-09-04,2026-09-04
B-86,B,86,open,,,,,0,,paper,import 2026-09-04,2026-09-04
B-87,B,87,occupied,,,,,1,,paper,import 2026-09-04,2026-09-04
B-88,B,88,occupied,,,,,2,,paper,import 2026-09-04,2026-09-04
B-89,B,89,occupied,,,,,3,,paper,import 2026-09-04,2026-09-04
B-90,B,90,occupied,,,,,2,,paper,import 2026-09-04,2026-09-04
B-91,B,91,occupied,,,,,1,,paper,import 2026-09-04,2026-09-04
B-92,B,92,open,,,,,0,,paper,import 2026-09-04,2026-09-04
B-93,B,93,occupied,Joseph D Murphy Jr,2022,250,Ck 1478,1,in Plots Sold ledger,paper,import 2026-09-04,2026-09-04
B-94,B,94,occupied,,,,,1,,paper,import 2026-09-04,2026-09-04
B-95,B,95,occupied,,,,,1,,paper,import 2026-09-04,2026-09-04
B-96,B,96,occupied,,,,,1,,paper,import 2026-09-04,2026-09-04
B-97,B,97,occupied,,,,,1,,paper,import 2026-09-04,2026-09-04
B-98,B,98,occupied,,,,,1,,paper,import 2026-09-04,2026-09-04
B-99,B,99,occupied,,,,,1,,paper,import 2026-09-04,2026-09-04
B-100,B,100,open,,,,,0,,paper,import 2026-09-04,2026-09-04
B-101,B,101,open,,,,,0,,paper,import 2026-09-04,2026-09-04
B-102,B,102,open,,,,,0,,paper,import 2026-09-04,2026-09-04
B-103,B,103,occupied,,,,,1,,paper,import 2026-09-04,2026-09-04
B-104,B,104,open,,,,,0,,paper,import 2026-09-04,2026-09-04
B-105,B,105,open,,,,,0,,paper,import 2026-09-04,2026-09-04
B-106,B,106,open,,,,,0,,paper,import 2026-09-04,2026-09-04
B-107,B,107,occupied,,,,,1,,paper,import 2026-09-04,2026-09-04
B-108,B,108,occupied,,,,,1,,paper,import 2026-09-04,2026-09-04
B-109,B,109,occupied,,,,,1,,paper,import 2026-09-04,2026-09-04
B-110,B,110,occupied,,,,,1,,paper,import 2026-09-04,2026-09-04
B-111,B,111,occupied,,,,,1,,paper,import 2026-09-04,2026-09-04
B-112,B,112,occupied,,,,,1,,paper,import 2026-09-04,2026-09-04
B-113,B,113,occupied,,,,,4,,paper,import 2026-09-04,2026-09-04
B-114,B,114,occupied,,,,,2,,paper,import 2026-09-04,2026-09-04
B-115,B,115,occupied,,,,,1,,paper,import 2026-09-04,2026-09-04
B-116,B,116,open,,,,,0,,paper,import 2026-09-04,2026-09-04
B-117,B,117,open,,,,,0,,paper,import 2026-09-04,2026-09-04
B-118,B,118,open,,,,,0,,paper,import 2026-09-04,2026-09-04
B-119,B,119,open,,,,,0,,paper,import 2026-09-04,2026-09-04
B-120,B,120,open,,,,,0,,paper,import 2026-09-04,2026-09-04
B-121,B,121,open,,,,,0,,paper,import 2026-09-04,2026-09-04
B-122,B,122,open,,,,,0,,paper,import 2026-09-04,2026-09-04
B-123,B,123,occupied,,,,,1,,paper,import 2026-09-04,2026-09-04
B-124,B,124,open,,,,,0,,paper,import 2026-09-04,2026-09-04
B-125,B,125,open,,,,,0,,paper,import 2026-09-04,2026-09-04
B-126,B,126,open,,,,,0,,paper,import 2026-09-04,2026-09-04
B-127,B,127,occupied,,,,,1,,paper,import 2026-09-04,2026-09-04
B-128,B,128,occupied,,,,,1,,paper,import 2026-09-04,2026-09-04
B-129,B,129,occupied,,,,,1,,paper,import 2026-09-04,2026-09-04
B-130,B,130,occupied,,,,,1,,paper,import 2026-09-04,2026-09-04
B-131,B,131,occupied,,,,,1,,paper,import 2026-09-04,2026-09-04
B-132,B,132,occupied,,,,,2,,paper,import 2026-09-04,2026-09-04
B-133,B,133,occupied,,,,,1,,paper,import 2026-09-04,2026-09-04
B-134,B,134,open,,,,,0,,paper,import 2026-09-04,2026-09-04
B-135,B,135,open,,,,,0,,paper,import 2026-09-04,2026-09-04
B-136,B,136,open,,,,,0,,paper,import 2026-09-04,2026-09-04
B-137,B,137,open,,,,,0,,paper,import 2026-09-04,2026-09-04
B-138,B,138,open,,,,,0,,paper,import 2026-09-04,2026-09-04
B-139,B,139,occupied,,,,,1,,paper,import 2026-09-04,2026-09-04
B-140,B,140,occupied,,,,,1,,paper,import 2026-09-04,2026-09-04
B-141,B,141,open,,,,,0,,paper,import 2026-09-04,2026-09-04
B-142,B,142,open,,,,,0,,paper,import 2026-09-04,2026-09-04
B-143,B,143,open,,,,,0,,paper,import 2026-09-04,2026-09-04
B-144,B,144,open,,,,,0,,paper,import 2026-09-04,2026-09-04
B-145,B,145,open,,,,,0,,paper,import 2026-09-04,2026-09-04
B-146,B,146,open,,,,,0,,paper,import 2026-09-04,2026-09-04
B-147,B,147,open,,,,,0,,paper,import 2026-09-04,2026-09-04
B-148,B,148,open,,,,,0,,paper,import 2026-09-04,2026-09-04
B-149,B,149,open,,,,,0,,paper,import 2026-09-04,2026-09-04
B-150,B,150,open,,,,,0,,paper,import 2026-09-04,2026-09-04
B-151,B,151,open,,,,,0,,paper,import 2026-09-04,2026-09-04
B-152,B,152,open,,,,,0,,paper,import 2026-09-04,2026-09-04
B-153,B,153,open,,,,,0,,paper,import 2026-09-04,2026-09-04
B-154,B,154,open,,,,,0,,paper,import 2026-09-04,2026-09-04
B-155,B,155,open,,,,,0,,paper,import 2026-09-04,2026-09-04
B-156,B,156,open,,,,,0,,paper,import 2026-09-04,2026-09-04
B-157,B,157,open,,,,,0,,paper,import 2026-09-04,2026-09-04
B-158,B,158,open,,,,,0,,paper,import 2026-09-04,2026-09-04
B-159,B,159,open,,,,,0,,paper,import 2026-09-04,2026-09-04
B-160,B,160,open,,,,,0,,paper,import 2026-09-04,2026-09-04
C-1,C,1,open,,,,,0,,paper,import 2026-09-04,2026-09-04
C-2,C,2,open,,,,,0,,paper,import 2026-09-04,2026-09-04
C-3,C,3,occupied,,,,,1,,paper,import 2026-09-04,2026-09-04
C-4,C,4,occupied,,,,,1,,paper,import 2026-09-04,2026-09-04
C-5,C,5,occupied,,,,,1,,paper,import 2026-09-04,2026-09-04
C-6,C,6,occupied,,,,,2,,paper,import 2026-09-04,2026-09-04
C-7,C,7,occupied,,,,,1,,paper,import 2026-09-04,2026-09-04
C-8,C,8,occupied,,,,,1,,paper,import 2026-09-04,2026-09-04
C-9,C,9,occupied,,,,,1,,paper,import 2026-09-04,2026-09-04
C-10,C,10,occupied,,,,,1,,paper,import 2026-09-04,2026-09-04
C-11,C,11,occupied,,,,,2,,paper,import 2026-09-04,2026-09-04
C-12,C,12,occupied,,,,,1,,paper,import 2026-09-04,2026-09-04
C-13,C,13,occupied,,,,,1,,paper,import 2026-09-04,2026-09-04
C-14,C,14,occupied,,,,,2,,paper,import 2026-09-04,2026-09-04
C-15,C,15,occupied,,,,,1,,paper,import 2026-09-04,2026-09-04
C-16,C,16,unusable,,,,,0,paper mark: [B] with arrow,paper,import 2026-09-04,2026-09-04
C-17,C,17,occupied,,,,,1,,paper,import 2026-09-04,2026-09-04
C-18,C,18,occupied,,,,,1,,paper,import 2026-09-04,2026-09-04
C-19,C,19,occupied,,,,,1,,paper,import 2026-09-04,2026-09-04
C-20,C,20,occupied,Mike Summers,2009,150,,1,in Plots Sold ledger,paper,import 2026-09-04,2026-09-04
C-21,C,21,occupied,,,,,1,,paper,import 2026-09-04,2026-09-04
C-22,C,22,occupied,,,,,1,,paper,import 2026-09-04,2026-09-04
C-23,C,23,occupied,,,,,1,,paper,import 2026-09-04,2026-09-04
C-24,C,24,occupied,,,,,1,,paper,import 2026-09-04,2026-09-04
C-25,C,25,occupied,,,,,2,,paper,import 2026-09-04,2026-09-04
C-26,C,26,occupied,,,,,1,,paper,import 2026-09-04,2026-09-04
C-27,C,27,occupied,,,,,1,,paper,import 2026-09-04,2026-09-04
C-28,C,28,occupied,,,,,2,,paper,import 2026-09-04,2026-09-04
C-29,C,29,occupied,,,,,1,,paper,import 2026-09-04,2026-09-04
C-30,C,30,occupied,,,,,1,,paper,import 2026-09-04,2026-09-04
C-31,C,31,occupied,,,,,2,,paper,import 2026-09-04,2026-09-04
C-32,C,32,occupied,,,,,1,,paper,import 2026-09-04,2026-09-04
C-33,C,33,occupied,,,,,1,,paper,import 2026-09-04,2026-09-04
C-34,C,34,occupied,Wissel,2019,150,Ck 2716,1,in Plots Sold ledger,paper,import 2026-09-04,2026-09-04
C-35,C,35,occupied,,,,,1,,paper,import 2026-09-04,2026-09-04
C-36,C,36,occupied,,,,,1,,paper,import 2026-09-04,2026-09-04
C-37,C,37,occupied,,,,,1,,paper,import 2026-09-04,2026-09-04
C-38,C,38,occupied,,,,,1,,paper,import 2026-09-04,2026-09-04
C-39,C,39,occupied,,,,,1,,paper,import 2026-09-04,2026-09-04
C-40,C,40,occupied,,,,,1,,paper,import 2026-09-04,2026-09-04
C-41,C,41,open,,,,,0,,paper,import 2026-09-04,2026-09-04
C-42,C,42,open,,,,,0,,paper,import 2026-09-04,2026-09-04
C-43,C,43,open,,,,,0,,paper,import 2026-09-04,2026-09-04
C-44,C,44,occupied,,,,,1,,paper,import 2026-09-04,2026-09-04
C-45,C,45,occupied,,,,,1,,paper,import 2026-09-04,2026-09-04
C-46,C,46,occupied,,,,,1,,paper,import 2026-09-04,2026-09-04
C-47,C,47,occupied,,,,,1,,paper,import 2026-09-04,2026-09-04
C-48,C,48,occupied,,,,,1,,paper,import 2026-09-04,2026-09-04
C-49,C,49,occupied,,,,,1,,paper,import 2026-09-04,2026-09-04
C-50,C,50,open,,,,,0,,paper,import 2026-09-04,2026-09-04
C-51,C,51,occupied,,,,,1,,paper,import 2026-09-04,2026-09-04
C-52,C,52,occupied,,,,,1,,paper,import 2026-09-04,2026-09-04
C-53,C,53,occupied,,,,,1,,paper,import 2026-09-04,2026-09-04
C-54,C,54,occupied,,,,,1,,paper,import 2026-09-04,2026-09-04
C-55,C,55,occupied,,,,,1,,paper,import 2026-09-04,2026-09-04
C-56,C,56,occupied,,,,,1,,paper,import 2026-09-04,2026-09-04
C-57,C,57,occupied,,,,,1,,paper,import 2026-09-04,2026-09-04
C-58,C,58,occupied,,,,,1,,paper,import 2026-09-04,2026-09-04
C-59,C,59,occupied,,,,,1,,paper,import 2026-09-04,2026-09-04
C-60,C,60,occupied,,,,,1,,paper,import 2026-09-04,2026-09-04
C-61,C,61,open,,,,,0,,paper,import 2026-09-04,2026-09-04
C-62,C,62,open,,,,,0,,paper,import 2026-09-04,2026-09-04
C-63,C,63,occupied,,,,,1,,paper,import 2026-09-04,2026-09-04
C-64,C,64,occupied,,,,,1,,paper,import 2026-09-04,2026-09-04
C-65,C,65,occupied,,,,,1,,paper,import 2026-09-04,2026-09-04
C-66,C,66,occupied,,,,,2,,paper,import 2026-09-04,2026-09-04
C-67,C,67,occupied,,,,,2,,paper,import 2026-09-04,2026-09-04
C-68,C,68,occupied,,,,,1,,paper,import 2026-09-04,2026-09-04
C-69,C,69,occupied,,,,,2,,paper,import 2026-09-04,2026-09-04
C-70,C,70,occupied,,,,,1,,paper,import 2026-09-04,2026-09-04
C-71,C,71,occupied,,,,,1,,paper,import 2026-09-04,2026-09-04
C-72,C,72,occupied,,,,,1,,paper,import 2026-09-04,2026-09-04
C-73,C,73,occupied,,,,,1,,paper,import 2026-09-04,2026-09-04
C-74,C,74,occupied,,,,,1,,paper,import 2026-09-04,2026-09-04
C-75,C,75,occupied,,,,,1,,paper,import 2026-09-04,2026-09-04
C-76,C,76,occupied,,,,,1,,paper,import 2026-09-04,2026-09-04
C-77,C,77,occupied,,,,,1,,paper,import 2026-09-04,2026-09-04
C-78,C,78,occupied,,,,,1,,paper,import 2026-09-04,2026-09-04
C-79,C,79,occupied,,,,,1,,paper,import 2026-09-04,2026-09-04
C-80,C,80,occupied,,,,,1,,paper,import 2026-09-04,2026-09-04
C-81,C,81,open,,,,,0,,paper,import 2026-09-04,2026-09-04
C-82,C,82,open,,,,,0,,paper,import 2026-09-04,2026-09-04
C-83,C,83,occupied,,,,,1,,paper,import 2026-09-04,2026-09-04
C-84,C,84,occupied,,,,,1,,paper,import 2026-09-04,2026-09-04
C-85,C,85,open,,,,,0,,paper,import 2026-09-04,2026-09-04
C-86,C,86,occupied,,,,,1,,paper,import 2026-09-04,2026-09-04
C-87,C,87,occupied,,,,,1,,paper,import 2026-09-04,2026-09-04
C-88,C,88,open,,,,,0,,paper,import 2026-09-04,2026-09-04
C-89,C,89,open,,,,,0,,paper,import 2026-09-04,2026-09-04
C-90,C,90,open,,,,,0,,paper,import 2026-09-04,2026-09-04
C-91,C,91,occupied,,,,,1,,paper,import 2026-09-04,2026-09-04
C-92,C,92,occupied,,,,,2,,paper,import 2026-09-04,2026-09-04
C-93,C,93,unusable,,,,,0,paper mark: B,paper,import 2026-09-04,2026-09-04
C-94,C,94,occupied,,,,,1,,paper,import 2026-09-04,2026-09-04
C-95,C,95,occupied,,,,,1,,paper,import 2026-09-04,2026-09-04
C-96,C,96,occupied,,,,,2,,paper,import 2026-09-04,2026-09-04
C-97,C,97,unusable,,,,,0,paper mark: X,paper,import 2026-09-04,2026-09-04
C-98,C,98,unusable,,,,,0,paper mark: X,paper,import 2026-09-04,2026-09-04
C-99,C,99,unusable,,,,,0,paper mark: X,paper,import 2026-09-04,2026-09-04
C-100,C,100,unusable,,,,,0,paper mark: X,paper,import 2026-09-04,2026-09-04
C-101,C,101,occupied,,,,,1,,paper,import 2026-09-04,2026-09-04
C-102,C,102,occupied,,,,,1,,paper,import 2026-09-04,2026-09-04
C-103,C,103,occupied,,,,,1,,paper,import 2026-09-04,2026-09-04
C-104,C,104,open,,,,,0,,paper,import 2026-09-04,2026-09-04
C-105,C,105,open,,,,,0,,paper,import 2026-09-04,2026-09-04
C-106,C,106,open,,,,,0,,paper,import 2026-09-04,2026-09-04
C-107,C,107,open,,,,,0,,paper,import 2026-09-04,2026-09-04
C-108,C,108,open,,,,,0,,paper,import 2026-09-04,2026-09-04
C-109,C,109,open,,,,,0,,paper,import 2026-09-04,2026-09-04
C-110,C,110,open,,,,,0,,paper,import 2026-09-04,2026-09-04
C-111,C,111,open,,,,,0,,paper,import 2026-09-04,2026-09-04
C-112,C,112,open,,,,,0,,paper,import 2026-09-04,2026-09-04
C-113,C,113,open,,,,,0,,paper,import 2026-09-04,2026-09-04
C-114,C,114,open,,,,,0,,paper,import 2026-09-04,2026-09-04
C-115,C,115,open,,,,,0,,paper,import 2026-09-04,2026-09-04
C-116,C,116,occupied,,,,,1,,paper,import 2026-09-04,2026-09-04
C-117,C,117,open,,,,,0,,paper,import 2026-09-04,2026-09-04
C-118,C,118,open,,,,,0,,paper,import 2026-09-04,2026-09-04
C-119,C,119,open,,,,,0,,paper,import 2026-09-04,2026-09-04
C-120,C,120,occupied,,,,,1,,paper,import 2026-09-04,2026-09-04
C-121,C,121,occupied,,,,,1,,paper,import 2026-09-04,2026-09-04
C-122,C,122,occupied,,,,,2,,paper,import 2026-09-04,2026-09-04
C-123,C,123,occupied,,,,,1,,paper,import 2026-09-04,2026-09-04
C-124,C,124,open,,,,,0,,paper,import 2026-09-04,2026-09-04
C-125,C,125,occupied,,,,,1,,paper,import 2026-09-04,2026-09-04
C-126,C,126,open,,,,,0,,paper,import 2026-09-04,2026-09-04
C-127,C,127,open,,,,,0,,paper,import 2026-09-04,2026-09-04
C-128,C,128,open,,,,,0,,paper,import 2026-09-04,2026-09-04
C-129,C,129,open,,,,,0,,paper,import 2026-09-04,2026-09-04
C-130,C,130,open,,,,,0,,paper,import 2026-09-04,2026-09-04
C-131,C,131,open,,,,,0,,paper,import 2026-09-04,2026-09-04
C-132,C,132,open,,,,,0,,paper,import 2026-09-04,2026-09-04
C-133,C,133,open,,,,,0,,paper,import 2026-09-04,2026-09-04
C-134,C,134,open,,,,,0,,paper,import 2026-09-04,2026-09-04
C-135,C,135,open,,,,,0,,paper,import 2026-09-04,2026-09-04
C-136,C,136,open,,,,,0,,paper,import 2026-09-04,2026-09-04
C-137,C,137,occupied,,,,,1,,paper,import 2026-09-04,2026-09-04
C-138,C,138,occupied,,,,,2,,paper,import 2026-09-04,2026-09-04
C-139,C,139,occupied,,,,,1,,paper,import 2026-09-04,2026-09-04
C-140,C,140,occupied,,,,,2,,paper,import 2026-09-04,2026-09-04
C-141,C,141,open,,,,,0,,paper,import 2026-09-04,2026-09-04
C-142,C,142,open,,,,,0,,paper,import 2026-09-04,2026-09-04
C-143,C,143,open,,,,,0,,paper,import 2026-09-04,2026-09-04
C-144,C,144,open,,,,,0,,paper,import 2026-09-04,2026-09-04
C-145,C,145,open,,,,,0,,paper,import 2026-09-04,2026-09-04
C-146,C,146,open,,,,,0,,paper,import 2026-09-04,2026-09-04
C-147,C,147,open,,,,,0,,paper,import 2026-09-04,2026-09-04
C-148,C,148,open,,,,,0,,paper,import 2026-09-04,2026-09-04
C-149,C,149,open,,,,,0,,paper,import 2026-09-04,2026-09-04
C-150,C,150,open,,,,,0,,paper,import 2026-09-04,2026-09-04
C-151,C,151,open,,,,,0,,paper,import 2026-09-04,2026-09-04
C-152,C,152,open,,,,,0,,paper,import 2026-09-04,2026-09-04
C-153,C,153,open,,,,,0,,paper,import 2026-09-04,2026-09-04
C-154,C,154,open,,,,,0,,paper,import 2026-09-04,2026-09-04
C-155,C,155,open,,,,,0,,paper,import 2026-09-04,2026-09-04
C-156,C,156,open,,,,,0,,paper,import 2026-09-04,2026-09-04
C-157,C,157,occupied,,,,,1,,paper,import 2026-09-04,2026-09-04
C-158,C,158,occupied,,,,,2,,paper,import 2026-09-04,2026-09-04
C-159,C,159,occupied,,,,,1,,paper,import 2026-09-04,2026-09-04
C-160,C,160,occupied,,,,,2,,paper,import 2026-09-04,2026-09-04
C-161,C,161,open,,,,,0,,paper,import 2026-09-04,2026-09-04
C-162,C,162,open,,,,,0,,paper,import 2026-09-04,2026-09-04
C-163,C,163,open,,,,,0,,paper,import 2026-09-04,2026-09-04
C-164,C,164,open,,,,,0,,paper,import 2026-09-04,2026-09-04
C-165,C,165,open,,,,,0,,paper,import 2026-09-04,2026-09-04
C-166,C,166,open,,,,,0,,paper,import 2026-09-04,2026-09-04
C-167,C,167,open,,,,,0,,paper,import 2026-09-04,2026-09-04
C-168,C,168,open,,,,,0,,paper,import 2026-09-04,2026-09-04
C-169,C,169,open,,,,,0,,paper,import 2026-09-04,2026-09-04
C-170,C,170,open,,,,,0,,paper,import 2026-09-04,2026-09-04
C-171,C,171,open,,,,,0,,paper,import 2026-09-04,2026-09-04
C-172,C,172,open,,,,,0,,paper,import 2026-09-04,2026-09-04
C-173,C,173,open,,,,,0,,paper,import 2026-09-04,2026-09-04
C-174,C,174,open,,,,,0,,paper,import 2026-09-04,2026-09-04
C-175,C,175,open,,,,,0,,paper,import 2026-09-04,2026-09-04
C-176,C,176,open,,,,,0,,paper,import 2026-09-04,2026-09-04
C-177,C,177,open,,,,,0,,paper,import 2026-09-04,2026-09-04
C-178,C,178,open,,,,,0,,paper,import 2026-09-04,2026-09-04
C-179,C,179,open,,,,,0,,paper,import 2026-09-04,2026-09-04
C-180,C,180,open,,,,,0,,paper,import 2026-09-04,2026-09-04
C-181,C,181,open,,,,,0,,paper,import 2026-09-04,2026-09-04
C-182,C,182,occupied,,,,,1,,paper,import 2026-09-04,2026-09-04
C-183,C,183,occupied,,,,,1,,paper,import 2026-09-04,2026-09-04
C-184,C,184,occupied,,,,,1,,paper,import 2026-09-04,2026-09-04
C-185,C,185,occupied,,,,,1,,paper,import 2026-09-04,2026-09-04
C-186,C,186,occupied,,,,,1,,paper,import 2026-09-04,2026-09-04
C-187,C,187,occupied,,,,,1,,paper,import 2026-09-04,2026-09-04
C-188,C,188,open,,,,,0,,paper,import 2026-09-04,2026-09-04
C-189,C,189,occupied,,,,,1,,paper,import 2026-09-04,2026-09-04
C-190,C,190,occupied,,,,,2,,paper,import 2026-09-04,2026-09-04
C-191,C,191,open,,,,,0,,paper,import 2026-09-04,2026-09-04
C-192,C,192,occupied,,,,,1,,paper,import 2026-09-04,2026-09-04
C-193,C,193,open,,,,,0,,paper,import 2026-09-04,2026-09-04
C-194,C,194,open,,,,,0,,paper,import 2026-09-04,2026-09-04
C-195,C,195,open,,,,,0,,paper,import 2026-09-04,2026-09-04
C-196,C,196,occupied,,,,,1,,paper,import 2026-09-04,2026-09-04
C-197,C,197,occupied,,,,,1,,paper,import 2026-09-04,2026-09-04
C-198,C,198,occupied,,,,,1,,paper,import 2026-09-04,2026-09-04
C-199,C,199,occupied,,,,,1,,paper,import 2026-09-04,2026-09-04
C-200,C,200,occupied,,,,,1,,paper,import 2026-09-04,2026-09-04
C-201,C,201,occupied,,,,,1,,paper,import 2026-09-04,2026-09-04
C-202,C,202,occupied,,,,,1,,paper,import 2026-09-04,2026-09-04
C-203,C,203,occupied,,,,,1,,paper,import 2026-09-04,2026-09-04
C-204,C,204,occupied,,,,,1,,paper,import 2026-09-04,2026-09-04
C-205,C,205,open,,,,,0,,paper,import 2026-09-04,2026-09-04
C-206,C,206,open,,,,,0,,paper,import 2026-09-04,2026-09-04
C-207,C,207,open,,,,,0,,paper,import 2026-09-04,2026-09-04
C-208,C,208,open,,,,,0,,paper,import 2026-09-04,2026-09-04
C-209,C,209,open,,,,,0,,paper,import 2026-09-04,2026-09-04
C-210,C,210,open,,,,,0,,paper,import 2026-09-04,2026-09-04
C-211,C,211,open,,,,,0,,paper,import 2026-09-04,2026-09-04
C-212,C,212,open,,,,,0,,paper,import 2026-09-04,2026-09-04
C-213,C,213,open,,,,,0,,paper,import 2026-09-04,2026-09-04
C-214,C,214,open,,,,,0,,paper,import 2026-09-04,2026-09-04
C-215,C,215,open,,,,,0,,paper,import 2026-09-04,2026-09-04
C-216,C,216,open,,,,,0,,paper,import 2026-09-04,2026-09-04
C-217,C,217,occupied,,,,,1,,paper,import 2026-09-04,2026-09-04
C-218,C,218,occupied,,,,,1,,paper,import 2026-09-04,2026-09-04
C-219,C,219,occupied,,,,,1,,paper,import 2026-09-04,2026-09-04
C-220,C,220,occupied,,,,,1,,paper,import 2026-09-04,2026-09-04
D-1,D,1,occupied,,,,,1,,paper,import 2026-09-04,2026-09-04
D-2,D,2,occupied,,,,,1,,paper,import 2026-09-04,2026-09-04
D-3,D,3,occupied,,,,,1,,paper,import 2026-09-04,2026-09-04
D-4,D,4,open,,,,,0,,paper,import 2026-09-04,2026-09-04
D-5,D,5,open,,,,,0,,paper,import 2026-09-04,2026-09-04
D-6,D,6,occupied,,,,,1,,paper,import 2026-09-04,2026-09-04
D-7,D,7,occupied,,,,,1,,paper,import 2026-09-04,2026-09-04
D-8,D,8,occupied,,,,,1,,paper,import 2026-09-04,2026-09-04
D-9,D,9,occupied,,,,,3,,paper,import 2026-09-04,2026-09-04
D-10,D,10,occupied,,,,,1,,paper,import 2026-09-04,2026-09-04
D-11,D,11,occupied,,,,,1,,paper,import 2026-09-04,2026-09-04
D-12,D,12,occupied,,,,,1,,paper,import 2026-09-04,2026-09-04
D-13,D,13,occupied,,,,,1,,paper,import 2026-09-04,2026-09-04
D-14,D,14,open,,,,,0,,paper,import 2026-09-04,2026-09-04
D-15,D,15,open,,,,,0,,paper,import 2026-09-04,2026-09-04
D-16,D,16,open,,,,,0,,paper,import 2026-09-04,2026-09-04
D-17,D,17,open,,,,,0,,paper,import 2026-09-04,2026-09-04
D-18,D,18,open,,,,,0,,paper,import 2026-09-04,2026-09-04
D-19,D,19,open,,,,,0,,paper,import 2026-09-04,2026-09-04
D-20,D,20,open,,,,,0,,paper,import 2026-09-04,2026-09-04
D-21,D,21,occupied,,,,,2,,paper,import 2026-09-04,2026-09-04
D-22,D,22,occupied,,,,,1,,paper,import 2026-09-04,2026-09-04
D-23,D,23,open,,,,,0,,paper,import 2026-09-04,2026-09-04
D-24,D,24,open,,,,,0,,paper,import 2026-09-04,2026-09-04
D-25,D,25,open,,,,,0,,paper,import 2026-09-04,2026-09-04
D-26,D,26,open,,,,,0,,paper,import 2026-09-04,2026-09-04
D-27,D,27,open,,,,,0,,paper,import 2026-09-04,2026-09-04
D-28,D,28,occupied,,,,,1,,paper,import 2026-09-04,2026-09-04
D-29,D,29,occupied,,,,,1,,paper,import 2026-09-04,2026-09-04
D-30,D,30,occupied,,,,,2,,paper,import 2026-09-04,2026-09-04
D-31,D,31,occupied,,,,,1,,paper,import 2026-09-04,2026-09-04
D-32,D,32,occupied,,,,,1,,paper,import 2026-09-04,2026-09-04
D-33,D,33,occupied,,,,,1,,paper,import 2026-09-04,2026-09-04
D-34,D,34,occupied,,,,,1,,paper,import 2026-09-04,2026-09-04
D-35,D,35,occupied,,,,,2,,paper,import 2026-09-04,2026-09-04
D-36,D,36,occupied,,,,,2,,paper,import 2026-09-04,2026-09-04
D-37,D,37,occupied,,,,,1,,paper,import 2026-09-04,2026-09-04
D-38,D,38,occupied,,,,,2,,paper,import 2026-09-04,2026-09-04
D-39,D,39,occupied,,,,,1,,paper,import 2026-09-04,2026-09-04
D-40,D,40,occupied,,,,,1,,paper,import 2026-09-04,2026-09-04
D-41,D,41,open,,,,,0,,paper,import 2026-09-04,2026-09-04
D-42,D,42,open,,,,,0,,paper,import 2026-09-04,2026-09-04
D-43,D,43,open,,,,,0,,paper,import 2026-09-04,2026-09-04
D-44,D,44,open,,,,,0,,paper,import 2026-09-04,2026-09-04
D-45,D,45,open,,,,,0,,paper,import 2026-09-04,2026-09-04
D-46,D,46,open,,,,,0,,paper,import 2026-09-04,2026-09-04
D-47,D,47,open,,,,,0,,paper,import 2026-09-04,2026-09-04
D-48,D,48,open,,,,,0,,paper,import 2026-09-04,2026-09-04
D-49,D,49,open,,,,,0,,paper,import 2026-09-04,2026-09-04
D-50,D,50,open,,,,,0,,paper,import 2026-09-04,2026-09-04
D-51,D,51,occupied,Ray Keller,2013,150,,1,in Plots Sold ledger,paper,import 2026-09-04,2026-09-04
D-52,D,52,occupied,Ray Keller,2013,150,,1,in Plots Sold ledger,paper,import 2026-09-04,2026-09-04
D-53,D,53,unusable,,,,,0,paper mark: [C],paper,import 2026-09-04,2026-09-04
D-54,D,54,open,,,,,0,,paper,import 2026-09-04,2026-09-04
D-55,D,55,open,,,,,0,,paper,import 2026-09-04,2026-09-04
D-56,D,56,open,,,,,0,,paper,import 2026-09-04,2026-09-04
D-57,D,57,open,,,,,0,,paper,import 2026-09-04,2026-09-04
D-58,D,58,open,,,,,0,,paper,import 2026-09-04,2026-09-04
D-59,D,59,open,,,,,0,,paper,import 2026-09-04,2026-09-04
D-60,D,60,open,,,,,0,,paper,import 2026-09-04,2026-09-04
D-61,D,61,open,,,,,0,,paper,import 2026-09-04,2026-09-04
D-62,D,62,open,,,,,0,,paper,import 2026-09-04,2026-09-04
D-63,D,63,occupied,,,,,1,,paper,import 2026-09-04,2026-09-04
D-64,D,64,occupied,,,,,1,,paper,import 2026-09-04,2026-09-04
D-65,D,65,open,,,,,0,,paper,import 2026-09-04,2026-09-04
D-66,D,66,occupied,,,,,1,,paper,import 2026-09-04,2026-09-04
D-67,D,67,occupied,,,,,1,,paper,import 2026-09-04,2026-09-04
D-68,D,68,occupied,,,,,1,,paper,import 2026-09-04,2026-09-04
D-69,D,69,open,,,,,0,,paper,import 2026-09-04,2026-09-04
D-70,D,70,open,,,,,0,,paper,import 2026-09-04,2026-09-04
D-71,D,71,open,,,,,0,,paper,import 2026-09-04,2026-09-04
D-72,D,72,open,,,,,0,,paper,import 2026-09-04,2026-09-04
D-73,D,73,open,,,,,0,,paper,import 2026-09-04,2026-09-04
D-74,D,74,open,,,,,0,,paper,import 2026-09-04,2026-09-04
D-75,D,75,open,,,,,0,,paper,import 2026-09-04,2026-09-04
D-76,D,76,open,,,,,0,,paper,import 2026-09-04,2026-09-04
D-77,D,77,open,,,,,0,,paper,import 2026-09-04,2026-09-04
D-78,D,78,open,,,,,0,,paper,import 2026-09-04,2026-09-04
D-79,D,79,open,,,,,0,,paper,import 2026-09-04,2026-09-04
D-80,D,80,open,,,,,0,,paper,import 2026-09-04,2026-09-04
D-81,D,81,open,,,,,0,,paper,import 2026-09-04,2026-09-04
D-82,D,82,open,,,,,0,,paper,import 2026-09-04,2026-09-04
D-83,D,83,open,,,,,0,,paper,import 2026-09-04,2026-09-04
D-84,D,84,occupied,,,,,1,,paper,import 2026-09-04,2026-09-04
D-85,D,85,open,,,,,0,,paper,import 2026-09-04,2026-09-04
D-86,D,86,unusable,,,,,0,paper mark: -        J. R.,paper,import 2026-09-04,2026-09-04
D-87,D,87,occupied,,,,,1,,paper,import 2026-09-04,2026-09-04
D-88,D,88,occupied,,,,,1,,paper,import 2026-09-04,2026-09-04
D-89,D,89,open,,,,,0,,paper,import 2026-09-04,2026-09-04
D-90,D,90,open,,,,,0,,paper,import 2026-09-04,2026-09-04
D-91,D,91,occupied,,,,,1,,paper,import 2026-09-04,2026-09-04
D-92,D,92,occupied,,,,,1,,paper,import 2026-09-04,2026-09-04
D-93,D,93,occupied,,,,,1,,paper,import 2026-09-04,2026-09-04
D-94,D,94,occupied,,,,,1,,paper,import 2026-09-04,2026-09-04
D-95,D,95,occupied,,,,,1,,paper,import 2026-09-04,2026-09-04
D-96,D,96,occupied,,,,,1,,paper,import 2026-09-04,2026-09-04
D-97,D,97,open,,,,,0,,paper,import 2026-09-04,2026-09-04
D-98,D,98,open,,,,,0,,paper,import 2026-09-04,2026-09-04
D-99,D,99,open,,,,,0,,paper,import 2026-09-04,2026-09-04
D-100,D,100,open,,,,,0,,paper,import 2026-09-04,2026-09-04
D-101,D,101,open,,,,,0,,paper,import 2026-09-04,2026-09-04
D-102,D,102,open,,,,,0,,paper,import 2026-09-04,2026-09-04
D-103,D,103,open,,,,,0,,paper,import 2026-09-04,2026-09-04
D-104,D,104,open,,,,,0,,paper,import 2026-09-04,2026-09-04
D-105,D,105,open,,,,,0,,paper,import 2026-09-04,2026-09-04
D-106,D,106,open,,,,,0,,paper,import 2026-09-04,2026-09-04
D-107,D,107,open,,,,,0,,paper,import 2026-09-04,2026-09-04
D-108,D,108,open,,,,,0,,paper,import 2026-09-04,2026-09-04
D-109,D,109,occupied,,,,,1,,paper,import 2026-09-04,2026-09-04
D-110,D,110,occupied,,,,,1,,paper,import 2026-09-04,2026-09-04
D-111,D,111,occupied,,,,,1,,paper,import 2026-09-04,2026-09-04
D-112,D,112,occupied,,,,,1,,paper,import 2026-09-04,2026-09-04
D-113,D,113,occupied,,,,,1,,paper,import 2026-09-04,2026-09-04
D-114,D,114,open,,,,,0,,paper,import 2026-09-04,2026-09-04
D-115,D,115,open,,,,,0,,paper,import 2026-09-04,2026-09-04
D-116,D,116,open,,,,,0,,paper,import 2026-09-04,2026-09-04
D-117,D,117,occupied,,,,,1,,paper,import 2026-09-04,2026-09-04
D-118,D,118,occupied,,,,,1,,paper,import 2026-09-04,2026-09-04
D-119,D,119,occupied,,,,,1,,paper,import 2026-09-04,2026-09-04
D-120,D,120,occupied,,,,,1,,paper,import 2026-09-04,2026-09-04
D-121,D,121,open,,,,,0,,paper,import 2026-09-04,2026-09-04
D-122,D,122,open,,,,,0,,paper,import 2026-09-04,2026-09-04
D-123,D,123,open,,,,,0,,paper,import 2026-09-04,2026-09-04
D-124,D,124,open,,,,,0,,paper,import 2026-09-04,2026-09-04
D-125,D,125,open,,,,,0,,paper,import 2026-09-04,2026-09-04
D-126,D,126,open,,,,,0,,paper,import 2026-09-04,2026-09-04
D-127,D,127,open,,,,,0,,paper,import 2026-09-04,2026-09-04
D-128,D,128,open,,,,,0,,paper,import 2026-09-04,2026-09-04
D-129,D,129,open,,,,,0,,paper,import 2026-09-04,2026-09-04
D-130,D,130,open,,,,,0,,paper,import 2026-09-04,2026-09-04
D-131,D,131,open,,,,,0,,paper,import 2026-09-04,2026-09-04
D-132,D,132,open,,,,,0,,paper,import 2026-09-04,2026-09-04
D-133,D,133,open,,,,,0,,paper,import 2026-09-04,2026-09-04
D-134,D,134,occupied,,,,,1,,paper,import 2026-09-04,2026-09-04
D-135,D,135,unusable,,,,,0,paper mark: X,paper,import 2026-09-04,2026-09-04
D-136,D,136,unusable,,,,,0,paper mark: X,paper,import 2026-09-04,2026-09-04
D-137,D,137,unusable,,,,,0,paper mark: X,paper,import 2026-09-04,2026-09-04
D-138,D,138,unusable,,,,,0,paper mark: X,paper,import 2026-09-04,2026-09-04
D-139,D,139,unusable,,,,,0,paper mark: X,paper,import 2026-09-04,2026-09-04
D-140,D,140,occupied,,,,,1,,paper,import 2026-09-04,2026-09-04
D-141,D,141,open,,,,,0,,paper,import 2026-09-04,2026-09-04
D-142,D,142,open,,,,,0,,paper,import 2026-09-04,2026-09-04
D-143,D,143,occupied,,,,,1,,paper,import 2026-09-04,2026-09-04
D-144,D,144,occupied,,,,,1,,paper,import 2026-09-04,2026-09-04
D-145,D,145,occupied,,,,,1,,paper,import 2026-09-04,2026-09-04
D-146,D,146,occupied,,,,,1,,paper,import 2026-09-04,2026-09-04
D-147,D,147,occupied,,,,,1,,paper,import 2026-09-04,2026-09-04
D-148,D,148,occupied,,,,,1,,paper,import 2026-09-04,2026-09-04
D-149,D,149,open,,,,,0,,paper,import 2026-09-04,2026-09-04
D-150,D,150,open,,,,,0,,paper,import 2026-09-04,2026-09-04
D-151,D,151,occupied,,,,,1,,paper,import 2026-09-04,2026-09-04
D-152,D,152,occupied,,,,,1,,paper,import 2026-09-04,2026-09-04
D-153,D,153,occupied,,,,,1,,paper,import 2026-09-04,2026-09-04
D-154,D,154,occupied,,,,,1,,paper,import 2026-09-04,2026-09-04
D-155,D,155,open,,,,,0,,paper,import 2026-09-04,2026-09-04
D-156,D,156,occupied,,,,,1,,paper,import 2026-09-04,2026-09-04
D-157,D,157,occupied,,,,,1,,paper,import 2026-09-04,2026-09-04
D-158,D,158,occupied,,,,,1,,paper,import 2026-09-04,2026-09-04
D-159,D,159,occupied,,,,,2,,paper,import 2026-09-04,2026-09-04
D-160,D,160,occupied,,,,,1,,paper,import 2026-09-04,2026-09-04
D-161,D,161,unusable,,,,,0,paper mark: SAME AS,paper,import 2026-09-04,2026-09-04
D-162,D,162,unusable,,,,,0,paper mark: LAST ROW,paper,import 2026-09-04,2026-09-04
D-163,D,163,unusable,,,,,0,"paper mark: SECT ""C""",paper,import 2026-09-04,2026-09-04
D-164,D,164,open,,,,,0,,paper,import 2026-09-04,2026-09-04
D-165,D,165,open,,,,,0,,paper,import 2026-09-04,2026-09-04
D-166,D,166,open,,,,,0,,paper,import 2026-09-04,2026-09-04
D-167,D,167,open,,,,,0,,paper,import 2026-09-04,2026-09-04
D-168,D,168,open,,,,,0,,paper,import 2026-09-04,2026-09-04
D-169,D,169,open,,,,,0,,paper,import 2026-09-04,2026-09-04
D-170,D,170,open,,,,,0,,paper,import 2026-09-04,2026-09-04
D-171,D,171,open,,,,,0,,paper,import 2026-09-04,2026-09-04
D-172,D,172,open,,,,,0,,paper,import 2026-09-04,2026-09-04
D-173,D,173,open,,,,,0,,paper,import 2026-09-04,2026-09-04
D-174,D,174,open,,,,,0,,paper,import 2026-09-04,2026-09-04
D-175,D,175,open,,,,,0,,paper,import 2026-09-04,2026-09-04
D-176,D,176,unusable,,,,,0,paper mark: [K] [Q],paper,import 2026-09-04,2026-09-04
D-177,D,177,open,,,,,0,,paper,import 2026-09-04,2026-09-04
D-178,D,178,open,,,,,0,,paper,import 2026-09-04,2026-09-04
D-179,D,179,open,,,,,0,,paper,import 2026-09-04,2026-09-04
D-180,D,180,open,,,,,0,,paper,import 2026-09-04,2026-09-04
E-1,E,1,occupied,Mike Summers,2009,150,,1,in Plots Sold ledger,paper,import 2026-09-04,2026-09-04
E-2,E,2,occupied,Mike Summers,2009,150,,1,in Plots Sold ledger,paper,import 2026-09-04,2026-09-04
E-3,E,3,occupied,Joyce Fox,2007,150,,1,in Plots Sold ledger,paper,import 2026-09-04,2026-09-04
E-4,E,4,occupied,Joyce Fox,2007,150,,1,in Plots Sold ledger,paper,import 2026-09-04,2026-09-04
E-5,E,5,occupied,,,,,1,,paper,import 2026-09-04,2026-09-04
E-6,E,6,open,,,,,0,,paper,import 2026-09-04,2026-09-04
E-7,E,7,open,,,,,0,,paper,import 2026-09-04,2026-09-04
E-8,E,8,occupied,,,,,1,,paper,import 2026-09-04,2026-09-04
E-9,E,9,occupied,,,,,1,,paper,import 2026-09-04,2026-09-04
E-10,E,10,occupied,,,,,1,,paper,import 2026-09-04,2026-09-04
E-11,E,11,occupied,,,,,1,,paper,import 2026-09-04,2026-09-04
E-12,E,12,occupied,,,,,2,,paper,import 2026-09-04,2026-09-04
E-13,E,13,occupied,,,,,1,,paper,import 2026-09-04,2026-09-04
E-14,E,14,occupied,,,,,1,,paper,import 2026-09-04,2026-09-04
E-15,E,15,open,,,,,0,,paper,import 2026-09-04,2026-09-04
E-16,E,16,open,,,,,0,,paper,import 2026-09-04,2026-09-04
E-17,E,17,occupied,Margaret Rinkert,2013,150,,1,in Plots Sold ledger,paper,import 2026-09-04,2026-09-04
E-18,E,18,occupied,,,,,1,,paper,import 2026-09-04,2026-09-04
E-19,E,19,occupied,,,,,2,,paper,import 2026-09-04,2026-09-04
E-20,E,20,occupied,,,,,2,,paper,import 2026-09-04,2026-09-04
E-21,E,21,occupied,,,,,1,,paper,import 2026-09-04,2026-09-04
E-22,E,22,occupied,,,,,1,,paper,import 2026-09-04,2026-09-04
E-23,E,23,occupied,,,,,1,,paper,import 2026-09-04,2026-09-04
E-24,E,24,occupied,,,,,1,,paper,import 2026-09-04,2026-09-04
E-25,E,25,occupied,,,,,1,,paper,import 2026-09-04,2026-09-04
E-26,E,26,occupied,,,,,2,,paper,import 2026-09-04,2026-09-04
E-27,E,27,occupied,,,,,1,,paper,import 2026-09-04,2026-09-04
E-28,E,28,occupied,,,,,2,,paper,import 2026-09-04,2026-09-04
E-29,E,29,occupied,,,,,1,,paper,import 2026-09-04,2026-09-04
E-30,E,30,occupied,,,,,1,,paper,import 2026-09-04,2026-09-04
E-31,E,31,occupied,,,,,1,,paper,import 2026-09-04,2026-09-04
E-32,E,32,occupied,,,,,1,,paper,import 2026-09-04,2026-09-04
E-33,E,33,occupied,,,,,1,,paper,import 2026-09-04,2026-09-04
E-34,E,34,occupied,,,,,1,,paper,import 2026-09-04,2026-09-04
E-35,E,35,occupied,,,,,1,,paper,import 2026-09-04,2026-09-04
E-36,E,36,occupied,,,,,1,,paper,import 2026-09-04,2026-09-04
E-37,E,37,occupied,,,,,1,,paper,import 2026-09-04,2026-09-04
E-38,E,38,occupied,,,,,1,,paper,import 2026-09-04,2026-09-04
E-39,E,39,occupied,,,,,1,,paper,import 2026-09-04,2026-09-04
E-40,E,40,occupied,,,,,1,,paper,import 2026-09-04,2026-09-04
E-41,E,41,occupied,,,,,1,,paper,import 2026-09-04,2026-09-04
E-42,E,42,occupied,,,,,1,,paper,import 2026-09-04,2026-09-04
E-43,E,43,occupied,Joyce Fox,2007,150,,1,in Plots Sold ledger,paper,import 2026-09-04,2026-09-04
E-44,E,44,occupied,,,,,1,,paper,import 2026-09-04,2026-09-04
E-45,E,45,occupied,,,,,1,,paper,import 2026-09-04,2026-09-04
E-46,E,46,occupied,,,,,1,,paper,import 2026-09-04,2026-09-04
E-47,E,47,occupied,,,,,1,,paper,import 2026-09-04,2026-09-04
E-48,E,48,occupied,,,,,1,,paper,import 2026-09-04,2026-09-04
E-49,E,49,occupied,,,,,1,,paper,import 2026-09-04,2026-09-04
E-50,E,50,occupied,,,,,1,,paper,import 2026-09-04,2026-09-04
E-51,E,51,occupied,,,,,1,,paper,import 2026-09-04,2026-09-04
E-52,E,52,occupied,,,,,2,,paper,import 2026-09-04,2026-09-04
E-53,E,53,occupied,,,,,1,,paper,import 2026-09-04,2026-09-04
E-54,E,54,occupied,,,,,1,,paper,import 2026-09-04,2026-09-04
E-55,E,55,occupied,,,,,1,,paper,import 2026-09-04,2026-09-04
E-56,E,56,occupied,,,,,1,,paper,import 2026-09-04,2026-09-04
E-57,E,57,occupied,,,,,1,,paper,import 2026-09-04,2026-09-04
E-58,E,58,occupied,,,,,1,,paper,import 2026-09-04,2026-09-04
E-59,E,59,occupied,,,,,1,,paper,import 2026-09-04,2026-09-04
E-60,E,60,occupied,,,,,1,,paper,import 2026-09-04,2026-09-04
E-61,E,61,occupied,,,,,1,,paper,import 2026-09-04,2026-09-04
E-62,E,62,occupied,,,,,1,,paper,import 2026-09-04,2026-09-04
E-63,E,63,occupied,,,,,1,,paper,import 2026-09-04,2026-09-04
E-64,E,64,occupied,,,,,1,,paper,import 2026-09-04,2026-09-04
E-65,E,65,occupied,,,,,1,,paper,import 2026-09-04,2026-09-04
E-66,E,66,occupied,,,,,1,,paper,import 2026-09-04,2026-09-04
E-67,E,67,occupied,,,,,1,,paper,import 2026-09-04,2026-09-04
E-68,E,68,occupied,,,,,1,,paper,import 2026-09-04,2026-09-04
E-69,E,69,occupied,,,,,1,,paper,import 2026-09-04,2026-09-04
E-70,E,70,occupied,,,,,1,,paper,import 2026-09-04,2026-09-04
E-71,E,71,occupied,,,,,1,,paper,import 2026-09-04,2026-09-04
E-72,E,72,occupied,,,,,1,,paper,import 2026-09-04,2026-09-04
E-73,E,73,occupied,,,,,2,,paper,import 2026-09-04,2026-09-04
E-74,E,74,occupied,,,,,1,,paper,import 2026-09-04,2026-09-04
E-75,E,75,open,,,,,0,,paper,import 2026-09-04,2026-09-04
E-76,E,76,open,,,,,0,,paper,import 2026-09-04,2026-09-04
E-77,E,77,open,,,,,0,,paper,import 2026-09-04,2026-09-04
E-78,E,78,open,,,,,0,,paper,import 2026-09-04,2026-09-04
E-79,E,79,open,,,,,0,,paper,import 2026-09-04,2026-09-04
E-80,E,80,open,,,,,0,,paper,import 2026-09-04,2026-09-04
E-81,E,81,occupied,,,,,1,,paper,import 2026-09-04,2026-09-04
E-82,E,82,occupied,,,,,1,,paper,import 2026-09-04,2026-09-04
E-83,E,83,occupied,,,,,1,,paper,import 2026-09-04,2026-09-04
E-84,E,84,occupied,,,,,2,,paper,import 2026-09-04,2026-09-04
E-85,E,85,open,,,,,0,,paper,import 2026-09-04,2026-09-04
E-86,E,86,open,,,,,0,,paper,import 2026-09-04,2026-09-04
E-87,E,87,occupied,,,,,1,,paper,import 2026-09-04,2026-09-04
E-88,E,88,occupied,,,,,2,,paper,import 2026-09-04,2026-09-04
E-89,E,89,occupied,,,,,1,,paper,import 2026-09-04,2026-09-04
E-90,E,90,occupied,Karen L Carter,2017,150,Ck 6530,1,in Plots Sold ledger,paper,import 2026-09-04,2026-09-04
E-91,E,91,occupied,,,,,1,,paper,import 2026-09-04,2026-09-04
E-92,E,92,open,,,,,0,,paper,import 2026-09-04,2026-09-04
E-93,E,93,open,,,,,0,,paper,import 2026-09-04,2026-09-04
E-94,E,94,occupied,,,,,1,,paper,import 2026-09-04,2026-09-04
E-95,E,95,occupied,,,,,1,,paper,import 2026-09-04,2026-09-04
E-96,E,96,occupied,,,,,1,,paper,import 2026-09-04,2026-09-04
E-97,E,97,occupied,,,,,1,,paper,import 2026-09-04,2026-09-04
E-98,E,98,occupied,,,,,1,,paper,import 2026-09-04,2026-09-04
E-99,E,99,open,,,,,0,,paper,import 2026-09-04,2026-09-04
E-100,E,100,open,,,,,0,,paper,import 2026-09-04,2026-09-04
E-101,E,101,open,,,,,0,,paper,import 2026-09-04,2026-09-04
E-102,E,102,open,,,,,0,,paper,import 2026-09-04,2026-09-04
E-103,E,103,open,,,,,0,,paper,import 2026-09-04,2026-09-04
E-104,E,104,open,,,,,0,,paper,import 2026-09-04,2026-09-04
E-105,E,105,open,,,,,0,,paper,import 2026-09-04,2026-09-04
E-106,E,106,open,,,,,0,,paper,import 2026-09-04,2026-09-04
E-107,E,107,occupied,,,,,1,,paper,import 2026-09-04,2026-09-04
E-108,E,108,occupied,,,,,1,,paper,import 2026-09-04,2026-09-04
E-109,E,109,occupied,,,,,1,,paper,import 2026-09-04,2026-09-04
E-110,E,110,open,,,,,0,,paper,import 2026-09-04,2026-09-04
E-111,E,111,open,,,,,0,,paper,import 2026-09-04,2026-09-04
E-112,E,112,occupied,,,,,1,,paper,import 2026-09-04,2026-09-04
E-113,E,113,occupied,,,,,1,,paper,import 2026-09-04,2026-09-04
E-114,E,114,occupied,,,,,1,,paper,import 2026-09-04,2026-09-04
E-115,E,115,occupied,,,,,1,,paper,import 2026-09-04,2026-09-04
E-116,E,116,occupied,,,,,1,,paper,import 2026-09-04,2026-09-04
E-117,E,117,occupied,,,,,1,,paper,import 2026-09-04,2026-09-04
E-118,E,118,occupied,,,,,1,,paper,import 2026-09-04,2026-09-04
E-119,E,119,occupied,,,,,2,,paper,import 2026-09-04,2026-09-04
E-120,E,120,occupied,,,,,1,,paper,import 2026-09-04,2026-09-04
E-121,E,121,open,,,,,0,,paper,import 2026-09-04,2026-09-04
E-122,E,122,open,,,,,0,,paper,import 2026-09-04,2026-09-04
E-123,E,123,open,,,,,0,,paper,import 2026-09-04,2026-09-04
E-124,E,124,open,,,,,0,,paper,import 2026-09-04,2026-09-04
E-125,E,125,open,,,,,0,,paper,import 2026-09-04,2026-09-04
E-126,E,126,open,,,,,0,,paper,import 2026-09-04,2026-09-04
E-127,E,127,open,,,,,0,,paper,import 2026-09-04,2026-09-04
E-128,E,128,open,,,,,0,,paper,import 2026-09-04,2026-09-04
E-129,E,129,open,,,,,0,,paper,import 2026-09-04,2026-09-04
E-130,E,130,open,,,,,0,,paper,import 2026-09-04,2026-09-04
E-131,E,131,open,,,,,0,,paper,import 2026-09-04,2026-09-04
E-132,E,132,open,,,,,0,,paper,import 2026-09-04,2026-09-04
E-133,E,133,open,,,,,0,,paper,import 2026-09-04,2026-09-04
E-134,E,134,open,,,,,0,,paper,import 2026-09-04,2026-09-04
E-135,E,135,open,,,,,0,,paper,import 2026-09-04,2026-09-04
E-136,E,136,open,,,,,0,,paper,import 2026-09-04,2026-09-04
E-137,E,137,unusable,,,,,0,paper mark: PLANTED 2004 / TREE SUNSET MAPLE,paper,import 2026-09-04,2026-09-04
E-138,E,138,open,,,,,0,,paper,import 2026-09-04,2026-09-04
E-139,E,139,open,,,,,0,,paper,import 2026-09-04,2026-09-04
E-140,E,140,open,,,,,0,,paper,import 2026-09-04,2026-09-04
E-141,E,141,occupied,,,,,1,,paper,import 2026-09-04,2026-09-04
E-142,E,142,open,,,,,0,,paper,import 2026-09-04,2026-09-04
E-143,E,143,open,,,,,0,,paper,import 2026-09-04,2026-09-04
E-144,E,144,occupied,,,,,1,,paper,import 2026-09-04,2026-09-04
E-145,E,145,open,,,,,0,,paper,import 2026-09-04,2026-09-04
E-146,E,146,open,,,,,0,,paper,import 2026-09-04,2026-09-04
E-147,E,147,open,,,,,0,,paper,import 2026-09-04,2026-09-04
E-148,E,148,open,,,,,0,,paper,import 2026-09-04,2026-09-04
E-149,E,149,open,,,,,0,,paper,import 2026-09-04,2026-09-04
E-150,E,150,open,,,,,0,,paper,import 2026-09-04,2026-09-04
E-151,E,151,open,,,,,0,,paper,import 2026-09-04,2026-09-04
E-152,E,152,occupied,,,,,1,,paper,import 2026-09-04,2026-09-04
E-153,E,153,occupied,,,,,1,,paper,import 2026-09-04,2026-09-04
E-154,E,154,occupied,,,,,1,,paper,import 2026-09-04,2026-09-04
E-155,E,155,occupied,,,,,2,,paper,import 2026-09-04,2026-09-04
E-156,E,156,open,,,,,0,,paper,import 2026-09-04,2026-09-04
E-157,E,157,open,,,,,0,,paper,import 2026-09-04,2026-09-04
E-158,E,158,open,,,,,0,,paper,import 2026-09-04,2026-09-04
E-159,E,159,open,,,,,0,,paper,import 2026-09-04,2026-09-04
E-160,E,160,open,,,,,0,,paper,import 2026-09-04,2026-09-04
F-1,F,1,open,,,,,0,,paper,import 2026-09-04,2026-09-04
F-2,F,2,open,,,,,0,,paper,import 2026-09-04,2026-09-04
F-3,F,3,open,,,,,0,,paper,import 2026-09-04,2026-09-04
F-4,F,4,open,,,,,0,,paper,import 2026-09-04,2026-09-04
F-5,F,5,occupied,,,,,1,,paper,import 2026-09-04,2026-09-04
F-6,F,6,occupied,,,,,1,,paper,import 2026-09-04,2026-09-04
F-7,F,7,occupied,,,,,1,,paper,import 2026-09-04,2026-09-04
F-8,F,8,occupied,,,,,1,,paper,import 2026-09-04,2026-09-04
F-9,F,9,occupied,,,,,1,,paper,import 2026-09-04,2026-09-04
F-10,F,10,occupied,,,,,1,,paper,import 2026-09-04,2026-09-04
F-11,F,11,occupied,,,,,1,,paper,import 2026-09-04,2026-09-04
F-12,F,12,occupied,,,,,1,,paper,import 2026-09-04,2026-09-04
F-13,F,13,occupied,,,,,1,,paper,import 2026-09-04,2026-09-04
F-14,F,14,occupied,,,,,1,,paper,import 2026-09-04,2026-09-04
F-15,F,15,occupied,,,,,1,,paper,import 2026-09-04,2026-09-04
F-16,F,16,occupied,,,,,1,,paper,import 2026-09-04,2026-09-04
F-17,F,17,occupied,,,,,1,,paper,import 2026-09-04,2026-09-04
F-18,F,18,occupied,,,,,1,,paper,import 2026-09-04,2026-09-04
F-19,F,19,occupied,,,,,1,,paper,import 2026-09-04,2026-09-04
F-20,F,20,occupied,,,,,1,,paper,import 2026-09-04,2026-09-04
F-21,F,21,open,,,,,0,,paper,import 2026-09-04,2026-09-04
F-22,F,22,open,,,,,0,,paper,import 2026-09-04,2026-09-04
F-23,F,23,open,,,,,0,,paper,import 2026-09-04,2026-09-04
F-24,F,24,open,,,,,0,,paper,import 2026-09-04,2026-09-04
F-25,F,25,open,,,,,0,,paper,import 2026-09-04,2026-09-04
F-26,F,26,open,,,,,0,,paper,import 2026-09-04,2026-09-04
F-27,F,27,occupied,,,,,1,,paper,import 2026-09-04,2026-09-04
F-28,F,28,occupied,,,,,1,,paper,import 2026-09-04,2026-09-04
F-29,F,29,occupied,,,,,1,,paper,import 2026-09-04,2026-09-04
F-30,F,30,occupied,,,,,1,,paper,import 2026-09-04,2026-09-04
F-31,F,31,occupied,,,,,1,,paper,import 2026-09-04,2026-09-04
F-32,F,32,occupied,,,,,1,,paper,import 2026-09-04,2026-09-04
F-33,F,33,occupied,,,,,1,,paper,import 2026-09-04,2026-09-04
F-34,F,34,occupied,,,,,1,,paper,import 2026-09-04,2026-09-04
F-35,F,35,occupied,,,,,1,,paper,import 2026-09-04,2026-09-04
F-36,F,36,occupied,,,,,1,,paper,import 2026-09-04,2026-09-04
F-37,F,37,occupied,,,,,1,,paper,import 2026-09-04,2026-09-04
F-38,F,38,occupied,,,,,1,,paper,import 2026-09-04,2026-09-04
F-39,F,39,occupied,,,,,1,,paper,import 2026-09-04,2026-09-04
F-40,F,40,occupied,,,,,2,,paper,import 2026-09-04,2026-09-04
F-41,F,41,open,,,,,0,,paper,import 2026-09-04,2026-09-04
F-42,F,42,open,,,,,0,,paper,import 2026-09-04,2026-09-04
F-43,F,43,open,,,,,0,,paper,import 2026-09-04,2026-09-04
F-44,F,44,open,,,,,0,,paper,import 2026-09-04,2026-09-04
F-45,F,45,occupied,Pat & Beverly Kennedy,2021,150,Ck 1725,1,in Plots Sold ledger,paper,import 2026-09-04,2026-09-04
F-46,F,46,occupied,Pat & Beverly Kennedy,2021,150,Ck 1725,1,in Plots Sold ledger,paper,import 2026-09-04,2026-09-04
F-47,F,47,occupied,Pat & Beverly Kennedy,2021,150,Ck 1725,1,in Plots Sold ledger,paper,import 2026-09-04,2026-09-04
F-48,F,48,open,,,,,0,,paper,import 2026-09-04,2026-09-04
F-49,F,49,occupied,,,,,1,,paper,import 2026-09-04,2026-09-04
F-50,F,50,occupied,,,,,1,,paper,import 2026-09-04,2026-09-04
F-51,F,51,occupied,,,,,1,,paper,import 2026-09-04,2026-09-04
F-52,F,52,occupied,,,,,1,,paper,import 2026-09-04,2026-09-04
F-53,F,53,occupied,,,,,1,,paper,import 2026-09-04,2026-09-04
F-54,F,54,occupied,,,,,1,,paper,import 2026-09-04,2026-09-04
F-55,F,55,occupied,,,,,1,,paper,import 2026-09-04,2026-09-04
F-56,F,56,occupied,,,,,1,,paper,import 2026-09-04,2026-09-04
F-57,F,57,occupied,,,,,1,,paper,import 2026-09-04,2026-09-04
F-58,F,58,occupied,,,,,1,,paper,import 2026-09-04,2026-09-04
F-59,F,59,occupied,,,,,1,,paper,import 2026-09-04,2026-09-04
F-60,F,60,occupied,,,,,1,,paper,import 2026-09-04,2026-09-04
F-61,F,61,occupied,Ted & Susan Barr,2026,250,ck 1757,1,in Plots Sold ledger,paper,import 2026-09-04,2026-09-04
F-62,F,62,occupied,Ted & Susan Barr,2026,250,ck 1757,1,in Plots Sold ledger,paper,import 2026-09-04,2026-09-04
F-63,F,63,occupied,,,,,1,,paper,import 2026-09-04,2026-09-04
F-64,F,64,occupied,,,,,1,,paper,import 2026-09-04,2026-09-04
F-65,F,65,open,,,,,0,,paper,import 2026-09-04,2026-09-04
F-66,F,66,occupied,Paul & Ann Collier,2021,150,Ck 2844,1,in Plots Sold ledger,paper,import 2026-09-04,2026-09-04
F-67,F,67,occupied,Paul & Ann Collier,2021,150,Ck 2844,1,in Plots Sold ledger,paper,import 2026-09-04,2026-09-04
F-68,F,68,occupied,,,,,1,,paper,import 2026-09-04,2026-09-04
F-69,F,69,occupied,,,,,1,,paper,import 2026-09-04,2026-09-04
F-70,F,70,occupied,,,,,1,,paper,import 2026-09-04,2026-09-04
F-71,F,71,occupied,,,,,1,,paper,import 2026-09-04,2026-09-04
F-72,F,72,occupied,,,,,1,,paper,import 2026-09-04,2026-09-04
F-73,F,73,occupied,,,,,1,,paper,import 2026-09-04,2026-09-04
F-74,F,74,occupied,,,,,1,,paper,import 2026-09-04,2026-09-04
F-75,F,75,occupied,,,,,1,,paper,import 2026-09-04,2026-09-04
F-76,F,76,occupied,,,,,1,,paper,import 2026-09-04,2026-09-04
F-77,F,77,occupied,,,,,1,,paper,import 2026-09-04,2026-09-04
F-78,F,78,occupied,,,,,1,,paper,import 2026-09-04,2026-09-04
F-79,F,79,occupied,,,,,1,,paper,import 2026-09-04,2026-09-04
F-80,F,80,occupied,,,,,1,,paper,import 2026-09-04,2026-09-04
F-81,F,81,open,,,,,0,,paper,import 2026-09-04,2026-09-04
F-82,F,82,open,,,,,0,,paper,import 2026-09-04,2026-09-04
F-83,F,83,open,,,,,0,,paper,import 2026-09-04,2026-09-04
F-84,F,84,open,,,,,0,,paper,import 2026-09-04,2026-09-04
F-85,F,85,open,,,,,0,,paper,import 2026-09-04,2026-09-04
F-86,F,86,occupied,,,,,1,,paper,import 2026-09-04,2026-09-04
F-87,F,87,occupied,,,,,1,,paper,import 2026-09-04,2026-09-04
F-88,F,88,occupied,,,,,1,,paper,import 2026-09-04,2026-09-04
F-89,F,89,occupied,,,,,1,,paper,import 2026-09-04,2026-09-04
F-90,F,90,occupied,,,,,1,,paper,import 2026-09-04,2026-09-04
F-91,F,91,occupied,,,,,1,,paper,import 2026-09-04,2026-09-04
F-92,F,92,occupied,,,,,1,,paper,import 2026-09-04,2026-09-04
F-93,F,93,occupied,,,,,1,,paper,import 2026-09-04,2026-09-04
F-94,F,94,occupied,,,,,1,,paper,import 2026-09-04,2026-09-04
F-95,F,95,occupied,,,,,1,,paper,import 2026-09-04,2026-09-04
F-96,F,96,occupied,,,,,1,,paper,import 2026-09-04,2026-09-04
F-97,F,97,occupied,,,,,1,,paper,import 2026-09-04,2026-09-04
F-98,F,98,occupied,,,,,2,,paper,import 2026-09-04,2026-09-04
F-99,F,99,unusable,,,,,0,paper mark: 1866-1956,paper,import 2026-09-04,2026-09-04
F-100,F,100,occupied,,,,,1,,paper,import 2026-09-04,2026-09-04
F-101,F,101,occupied,,,,,1,,paper,import 2026-09-04,2026-09-04
F-102,F,102,open,,,,,0,,paper,import 2026-09-04,2026-09-04
F-103,F,103,occupied,,,,,1,,paper,import 2026-09-04,2026-09-04
F-104,F,104,occupied,,,,,1,,paper,import 2026-09-04,2026-09-04
F-105,F,105,open,,,,,0,,paper,import 2026-09-04,2026-09-04
F-106,F,106,occupied,,,,,1,,paper,import 2026-09-04,2026-09-04
F-107,F,107,occupied,,,,,1,,paper,import 2026-09-04,2026-09-04
F-108,F,108,occupied,,,,,2,,paper,import 2026-09-04,2026-09-04
F-109,F,109,occupied,,,,,1,,paper,import 2026-09-04,2026-09-04
F-110,F,110,occupied,,,,,1,,paper,import 2026-09-04,2026-09-04
F-111,F,111,occupied,,,,,1,,paper,import 2026-09-04,2026-09-04
F-112,F,112,occupied,,,,,1,,paper,import 2026-09-04,2026-09-04
F-113,F,113,occupied,,,,,1,,paper,import 2026-09-04,2026-09-04
F-114,F,114,occupied,,,,,1,,paper,import 2026-09-04,2026-09-04
F-115,F,115,occupied,,,,,1,,paper,import 2026-09-04,2026-09-04
F-116,F,116,occupied,,,,,1,,paper,import 2026-09-04,2026-09-04
F-117,F,117,occupied,,,,,1,,paper,import 2026-09-04,2026-09-04
F-118,F,118,occupied,,,,,1,,paper,import 2026-09-04,2026-09-04
F-119,F,119,occupied,,,,,2,,paper,import 2026-09-04,2026-09-04
F-120,F,120,occupied,,,,,1,,paper,import 2026-09-04,2026-09-04
F-121,F,121,occupied,,,,,1,,paper,import 2026-09-04,2026-09-04
F-122,F,122,occupied,,,,,1,,paper,import 2026-09-04,2026-09-04
F-123,F,123,occupied,,,,,1,,paper,import 2026-09-04,2026-09-04
F-124,F,124,occupied,,,,,1,,paper,import 2026-09-04,2026-09-04
F-125,F,125,open,,,,,0,,paper,import 2026-09-04,2026-09-04
F-126,F,126,open,,,,,0,,paper,import 2026-09-04,2026-09-04
F-127,F,127,open,,,,,0,,paper,import 2026-09-04,2026-09-04
F-128,F,128,open,,,,,0,,paper,import 2026-09-04,2026-09-04
F-129,F,129,open,,,,,0,,paper,import 2026-09-04,2026-09-04
F-130,F,130,open,,,,,0,,paper,import 2026-09-04,2026-09-04
F-131,F,131,open,,,,,0,,paper,import 2026-09-04,2026-09-04
F-132,F,132,open,,,,,0,,paper,import 2026-09-04,2026-09-04
F-133,F,133,open,,,,,0,,paper,import 2026-09-04,2026-09-04
F-134,F,134,open,,,,,0,,paper,import 2026-09-04,2026-09-04
F-135,F,135,open,,,,,0,,paper,import 2026-09-04,2026-09-04
F-136,F,136,open,,,,,0,,paper,import 2026-09-04,2026-09-04
F-137,F,137,open,,,,,0,,paper,import 2026-09-04,2026-09-04
F-138,F,138,open,,,,,0,,paper,import 2026-09-04,2026-09-04
F-139,F,139,open,,,,,0,,paper,import 2026-09-04,2026-09-04
F-140,F,140,open,,,,,0,,paper,import 2026-09-04,2026-09-04
F-141,F,141,occupied,,,,,2,,paper,import 2026-09-04,2026-09-04
F-142,F,142,occupied,,,,,1,,paper,import 2026-09-04,2026-09-04
F-143,F,143,occupied,,,,,1,,paper,import 2026-09-04,2026-09-04
F-144,F,144,occupied,,,,,1,,paper,import 2026-09-04,2026-09-04
F-145,F,145,open,,,,,0,,paper,import 2026-09-04,2026-09-04
F-146,F,146,open,,,,,0,,paper,import 2026-09-04,2026-09-04
F-147,F,147,open,,,,,0,,paper,import 2026-09-04,2026-09-04
F-148,F,148,open,,,,,0,,paper,import 2026-09-04,2026-09-04
F-149,F,149,open,,,,,0,,paper,import 2026-09-04,2026-09-04
F-150,F,150,open,,,,,0,,paper,import 2026-09-04,2026-09-04
F-151,F,151,open,,,,,0,,paper,import 2026-09-04,2026-09-04
F-152,F,152,open,,,,,0,,paper,import 2026-09-04,2026-09-04
F-153,F,153,occupied,,,,,1,,paper,import 2026-09-04,2026-09-04
F-154,F,154,occupied,,,,,2,,paper,import 2026-09-04,2026-09-04
F-155,F,155,occupied,,,,,1,,paper,import 2026-09-04,2026-09-04
F-156,F,156,occupied,,,,,2,,paper,import 2026-09-04,2026-09-04
F-157,F,157,occupied,,,,,1,,paper,import 2026-09-04,2026-09-04
F-158,F,158,occupied,,,,,2,,paper,import 2026-09-04,2026-09-04
F-159,F,159,occupied,,,,,1,,paper,import 2026-09-04,2026-09-04
F-160,F,160,open,,,,,0,,paper,import 2026-09-04,2026-09-04
G-1,G,1,occupied,,,,,1,,paper,import 2026-09-04,2026-09-04
G-2,G,2,occupied,,,,,1,,paper,import 2026-09-04,2026-09-04
G-3,G,3,occupied,,,,,1,,paper,import 2026-09-04,2026-09-04
G-4,G,4,occupied,,,,,1,,paper,import 2026-09-04,2026-09-04
G-5,G,5,occupied,Mike & Stacey Wilson,2019,150,Ck 3826,1,in Plots Sold ledger,paper,import 2026-09-04,2026-09-04
G-6,G,6,occupied,Mike & Stacey Wilson,2019,150,Ck 3826,1,in Plots Sold ledger,paper,import 2026-09-04,2026-09-04
G-7,G,7,occupied,Thomas & Susan Essman,2021,150,Ck 3605,1,in Plots Sold ledger,paper,import 2026-09-04,2026-09-04
G-8,G,8,occupied,Thomas & Susan Essman,2021,150,Ck 3605,1,in Plots Sold ledger,paper,import 2026-09-04,2026-09-04
G-9,G,9,open,,,,,0,,paper,import 2026-09-04,2026-09-04
G-10,G,10,occupied,Robert & Jean Edwards,2015,150,,1,in Plots Sold ledger,paper,import 2026-09-04,2026-09-04
G-11,G,11,occupied,Robert & Jean Edwards,2015,150,,1,in Plots Sold ledger,paper,import 2026-09-04,2026-09-04
G-12,G,12,occupied,,,,,1,,paper,import 2026-09-04,2026-09-04
G-13,G,13,occupied,,,,,1,,paper,import 2026-09-04,2026-09-04
G-14,G,14,open,,,,,0,,paper,import 2026-09-04,2026-09-04
G-15,G,15,open,,,,,0,,paper,import 2026-09-04,2026-09-04
G-16,G,16,open,,,,,0,,paper,import 2026-09-04,2026-09-04
G-17,G,17,open,,,,,0,,paper,import 2026-09-04,2026-09-04
G-18,G,18,open,,,,,0,,paper,import 2026-09-04,2026-09-04
G-19,G,19,open,,,,,0,,paper,import 2026-09-04,2026-09-04
G-20,G,20,open,,,,,0,,paper,import 2026-09-04,2026-09-04
G-21,G,21,occupied,,,,,1,,paper,import 2026-09-04,2026-09-04
G-22,G,22,occupied,,,,,1,,paper,import 2026-09-04,2026-09-04
G-23,G,23,occupied,,,,,1,,paper,import 2026-09-04,2026-09-04
G-24,G,24,occupied,,,,,1,,paper,import 2026-09-04,2026-09-04
G-25,G,25,occupied,,,,,1,,paper,import 2026-09-04,2026-09-04
G-26,G,26,occupied,,,,,1,,paper,import 2026-09-04,2026-09-04
G-27,G,27,occupied,,,,,2,,paper,import 2026-09-04,2026-09-04
G-28,G,28,occupied,,,,,1,,paper,import 2026-09-04,2026-09-04
G-29,G,29,occupied,,,,,1,,paper,import 2026-09-04,2026-09-04
G-30,G,30,occupied,,,,,1,,paper,import 2026-09-04,2026-09-04
G-31,G,31,occupied,,,,,1,,paper,import 2026-09-04,2026-09-04
G-32,G,32,occupied,,,,,1,,paper,import 2026-09-04,2026-09-04
G-33,G,33,occupied,,,,,1,,paper,import 2026-09-04,2026-09-04
G-34,G,34,occupied,,,,,1,,paper,import 2026-09-04,2026-09-04
G-35,G,35,occupied,,,,,1,,paper,import 2026-09-04,2026-09-04
G-36,G,36,occupied,,,,,1,,paper,import 2026-09-04,2026-09-04
G-37,G,37,occupied,,,,,1,,paper,import 2026-09-04,2026-09-04
G-38,G,38,occupied,,,,,1,,paper,import 2026-09-04,2026-09-04
G-39,G,39,occupied,,,,,1,,paper,import 2026-09-04,2026-09-04
G-40,G,40,open,,,,,0,,paper,import 2026-09-04,2026-09-04
G-41,G,41,occupied,,,,,1,,paper,import 2026-09-04,2026-09-04
G-42,G,42,occupied,,,,,1,,paper,import 2026-09-04,2026-09-04
G-43,G,43,occupied,,,,,1,,paper,import 2026-09-04,2026-09-04
G-44,G,44,occupied,,,,,1,,paper,import 2026-09-04,2026-09-04
G-45,G,45,occupied,,,,,1,,paper,import 2026-09-04,2026-09-04
G-46,G,46,occupied,,,,,1,,paper,import 2026-09-04,2026-09-04
G-47,G,47,occupied,,,,,1,,paper,import 2026-09-04,2026-09-04
G-48,G,48,occupied,,,,,1,,paper,import 2026-09-04,2026-09-04
G-49,G,49,occupied,,,,,1,,paper,import 2026-09-04,2026-09-04
G-50,G,50,occupied,,,,,1,,paper,import 2026-09-04,2026-09-04
G-51,G,51,occupied,Terie & Gary Starke,2021,150,Ck 10804,1,in Plots Sold ledger,paper,import 2026-09-04,2026-09-04
G-52,G,52,occupied,Terie & Gary Starke,2021,150,Ck 10804,1,in Plots Sold ledger,paper,import 2026-09-04,2026-09-04
G-53,G,53,occupied,Terie & Gary Starke,2021,150,Ck 10804,1,in Plots Sold ledger,paper,import 2026-09-04,2026-09-04
G-54,G,54,occupied,Barbara & Darrell Brummit,2021,150,CK 10544,1,in Plots Sold ledger,paper,import 2026-09-04,2026-09-04
G-55,G,55,occupied,Barbara & Darrell Brummit,2021,150,CK 10544,1,in Plots Sold ledger,paper,import 2026-09-04,2026-09-04
G-56,G,56,open,,,,,0,,paper,import 2026-09-04,2026-09-04
G-57,G,57,open,,,,,0,,paper,import 2026-09-04,2026-09-04
G-58,G,58,open,,,,,0,,paper,import 2026-09-04,2026-09-04
G-59,G,59,open,,,,,0,,paper,import 2026-09-04,2026-09-04
G-60,G,60,open,,,,,0,,paper,import 2026-09-04,2026-09-04
G-61,G,61,open,,,,,0,,paper,import 2026-09-04,2026-09-04
G-62,G,62,occupied,,,,,1,,paper,import 2026-09-04,2026-09-04
G-63,G,63,occupied,,,,,1,,paper,import 2026-09-04,2026-09-04
G-64,G,64,occupied,,,,,1,,paper,import 2026-09-04,2026-09-04
G-65,G,65,occupied,,,,,1,,paper,import 2026-09-04,2026-09-04
G-66,G,66,occupied,,,,,1,,paper,import 2026-09-04,2026-09-04
G-67,G,67,occupied,,,,,1,,paper,import 2026-09-04,2026-09-04
G-68,G,68,occupied,,,,,1,,paper,import 2026-09-04,2026-09-04
G-69,G,69,occupied,,,,,1,,paper,import 2026-09-04,2026-09-04
G-70,G,70,occupied,,,,,1,,paper,import 2026-09-04,2026-09-04
G-71,G,71,occupied,,,,,1,,paper,import 2026-09-04,2026-09-04
G-72,G,72,occupied,,,,,1,,paper,import 2026-09-04,2026-09-04
G-73,G,73,occupied,,,,,1,,paper,import 2026-09-04,2026-09-04
G-74,G,74,occupied,,,,,1,,paper,import 2026-09-04,2026-09-04
G-75,G,75,occupied,,,,,1,,paper,import 2026-09-04,2026-09-04
G-76,G,76,occupied,,,,,1,,paper,import 2026-09-04,2026-09-04
G-77,G,77,occupied,,,,,1,,paper,import 2026-09-04,2026-09-04
G-78,G,78,occupied,,,,,1,,paper,import 2026-09-04,2026-09-04
G-79,G,79,occupied,,,,,1,,paper,import 2026-09-04,2026-09-04
G-80,G,80,open,,,,,0,,paper,import 2026-09-04,2026-09-04
G-81,G,81,occupied,,,,,1,,paper,import 2026-09-04,2026-09-04
G-82,G,82,occupied,,,,,1,,paper,import 2026-09-04,2026-09-04
G-83,G,83,occupied,,,,,1,,paper,import 2026-09-04,2026-09-04
G-84,G,84,occupied,,,,,1,,paper,import 2026-09-04,2026-09-04
G-85,G,85,occupied,,,,,1,,paper,import 2026-09-04,2026-09-04
G-86,G,86,occupied,,,,,1,,paper,import 2026-09-04,2026-09-04
G-87,G,87,occupied,,,,,1,,paper,import 2026-09-04,2026-09-04
G-88,G,88,occupied,,,,,1,,paper,import 2026-09-04,2026-09-04
G-89,G,89,occupied,,,,,1,,paper,import 2026-09-04,2026-09-04
G-90,G,90,occupied,,,,,1,,paper,import 2026-09-04,2026-09-04
G-91,G,91,occupied,,,,,1,,paper,import 2026-09-04,2026-09-04
G-92,G,92,occupied,,,,,1,,paper,import 2026-09-04,2026-09-04
G-93,G,93,occupied,,,,,1,,paper,import 2026-09-04,2026-09-04
G-94,G,94,occupied,,,,,1,,paper,import 2026-09-04,2026-09-04
G-95,G,95,occupied,Norman & Loretta Rennison,2021,150,Ck 10616,1,in Plots Sold ledger,paper,import 2026-09-04,2026-09-04
G-96,G,96,occupied,Norman & Loretta Rennison,2021,150,Ck 10616,1,in Plots Sold ledger,paper,import 2026-09-04,2026-09-04
G-97,G,97,open,,,,,0,,paper,import 2026-09-04,2026-09-04
G-98,G,98,open,,,,,0,,paper,import 2026-09-04,2026-09-04
G-99,G,99,open,,,,,0,,paper,import 2026-09-04,2026-09-04
G-100,G,100,open,,,,,0,,paper,import 2026-09-04,2026-09-04
G-101,G,101,occupied,,,,,1,,paper,import 2026-09-04,2026-09-04
G-102,G,102,occupied,,,,,1,,paper,import 2026-09-04,2026-09-04
G-103,G,103,open,,,,,0,,paper,import 2026-09-04,2026-09-04
G-104,G,104,occupied,,,,,1,,paper,import 2026-09-04,2026-09-04
G-105,G,105,occupied,,,,,1,,paper,import 2026-09-04,2026-09-04
G-106,G,106,occupied,,,,,1,,paper,import 2026-09-04,2026-09-04
G-107,G,107,open,,,,,0,,paper,import 2026-09-04,2026-09-04
G-108,G,108,open,,,,,0,,paper,import 2026-09-04,2026-09-04
G-109,G,109,occupied,,,,,1,,paper,import 2026-09-04,2026-09-04
G-110,G,110,occupied,,,,,1,,paper,import 2026-09-04,2026-09-04
G-111,G,111,occupied,,,,,1,,paper,import 2026-09-04,2026-09-04
G-112,G,112,occupied,,,,,1,,paper,import 2026-09-04,2026-09-04
G-113,G,113,occupied,,,,,1,,paper,import 2026-09-04,2026-09-04
G-114,G,114,occupied,,,,,1,,paper,import 2026-09-04,2026-09-04
G-115,G,115,occupied,William & Rosemary Kennedy,2022,250,Ck 1186,1,in Plots Sold ledger,paper,import 2026-09-04,2026-09-04
G-116,G,116,occupied,William & Rosemary Kennedy,2022,250,Ck 1186,1,in Plots Sold ledger,paper,import 2026-09-04,2026-09-04
G-117,G,117,occupied,William & Rosemary Kennedy,2022,250,Ck 1186,1,in Plots Sold ledger,paper,import 2026-09-04,2026-09-04
G-118,G,118,occupied,William & Rosemary Kennedy,2022,250,Ck 1186,1,in Plots Sold ledger,paper,import 2026-09-04,2026-09-04
G-119,G,119,open,,,,,0,,paper,import 2026-09-04,2026-09-04
G-120,G,120,open,,,,,0,,paper,import 2026-09-04,2026-09-04
G-121,G,121,open,,,,,0,,paper,import 2026-09-04,2026-09-04
G-122,G,122,occupied,,,,,1,,paper,import 2026-09-04,2026-09-04
G-123,G,123,occupied,,,,,1,,paper,import 2026-09-04,2026-09-04
G-124,G,124,occupied,,,,,2,,paper,import 2026-09-04,2026-09-04
G-125,G,125,occupied,,,,,1,,paper,import 2026-09-04,2026-09-04
G-126,G,126,occupied,,,,,2,,paper,import 2026-09-04,2026-09-04
G-127,G,127,open,,,,,0,,paper,import 2026-09-04,2026-09-04
G-128,G,128,occupied,,,,,1,,paper,import 2026-09-04,2026-09-04
G-129,G,129,occupied,,,,,1,,paper,import 2026-09-04,2026-09-04
G-130,G,130,occupied,,,,,1,,paper,import 2026-09-04,2026-09-04
G-131,G,131,occupied,,,,,1,,paper,import 2026-09-04,2026-09-04
G-132,G,132,occupied,,,,,1,,paper,import 2026-09-04,2026-09-04
G-133,G,133,occupied,,,,,1,,paper,import 2026-09-04,2026-09-04
G-134,G,134,occupied,,,,,1,,paper,import 2026-09-04,2026-09-04
G-135,G,135,open,,,,,0,,paper,import 2026-09-04,2026-09-04
G-136,G,136,open,,,,,0,,paper,import 2026-09-04,2026-09-04
G-137,G,137,open,,,,,0,,paper,import 2026-09-04,2026-09-04
G-138,G,138,open,,,,,0,,paper,import 2026-09-04,2026-09-04
G-139,G,139,open,,,,,0,,paper,import 2026-09-04,2026-09-04
G-140,G,140,open,,,,,0,,paper,import 2026-09-04,2026-09-04
G-141,G,141,unusable,,,,,0,paper mark: X,paper,import 2026-09-04,2026-09-04
G-142,G,142,unusable,,,,,0,paper mark: X,paper,import 2026-09-04,2026-09-04
G-143,G,143,occupied,,,,,1,,paper,import 2026-09-04,2026-09-04
G-144,G,144,occupied,,,,,1,,paper,import 2026-09-04,2026-09-04
G-145,G,145,unusable,,,,,0,paper mark: X,paper,import 2026-09-04,2026-09-04
G-146,G,146,unusable,,,,,0,paper mark: X,paper,import 2026-09-04,2026-09-04
G-147,G,147,open,,,,,0,,paper,import 2026-09-04,2026-09-04
G-148,G,148,open,,,,,0,,paper,import 2026-09-04,2026-09-04
G-149,G,149,open,,,,,0,,paper,import 2026-09-04,2026-09-04
G-150,G,150,open,,,,,0,,paper,import 2026-09-04,2026-09-04
G-151,G,151,open,,,,,0,,paper,import 2026-09-04,2026-09-04
G-152,G,152,open,,,,,0,,paper,import 2026-09-04,2026-09-04
G-153,G,153,open,,,,,0,,paper,import 2026-09-04,2026-09-04
G-154,G,154,open,,,,,0,,paper,import 2026-09-04,2026-09-04
G-155,G,155,open,,,,,0,,paper,import 2026-09-04,2026-09-04
G-156,G,156,open,,,,,0,,paper,import 2026-09-04,2026-09-04
G-157,G,157,open,,,,,0,,paper,import 2026-09-04,2026-09-04
G-158,G,158,open,,,,,0,,paper,import 2026-09-04,2026-09-04
G-159,G,159,open,,,,,0,,paper,import 2026-09-04,2026-09-04
G-160,G,160,open,,,,,0,,paper,import 2026-09-04,2026-09-04
G-161,G,161,unusable,,,,,0,paper mark: X,paper,import 2026-09-04,2026-09-04
G-162,G,162,unusable,,,,,0,paper mark: X,paper,import 2026-09-04,2026-09-04
G-163,G,163,unusable,,,,,0,paper mark: X,paper,import 2026-09-04,2026-09-04
G-164,G,164,unusable,,,,,0,paper mark: X,paper,import 2026-09-04,2026-09-04
G-165,G,165,unusable,,,,,0,paper mark: X,paper,import 2026-09-04,2026-09-04
G-166,G,166,unusable,,,,,0,paper mark: X,paper,import 2026-09-04,2026-09-04
G-167,G,167,open,,,,,0,,paper,import 2026-09-04,2026-09-04
G-168,G,168,open,,,,,0,,paper,import 2026-09-04,2026-09-04
G-169,G,169,open,,,,,0,,paper,import 2026-09-04,2026-09-04
G-170,G,170,open,,,,,0,,paper,import 2026-09-04,2026-09-04
G-171,G,171,open,,,,,0,,paper,import 2026-09-04,2026-09-04
G-172,G,172,open,,,,,0,,paper,import 2026-09-04,2026-09-04
G-173,G,173,open,,,,,0,,paper,import 2026-09-04,2026-09-04
G-174,G,174,open,,,,,0,,paper,import 2026-09-04,2026-09-04
G-175,G,175,open,,,,,0,,paper,import 2026-09-04,2026-09-04
G-176,G,176,open,,,,,0,,paper,import 2026-09-04,2026-09-04
G-177,G,177,open,,,,,0,,paper,import 2026-09-04,2026-09-04
G-178,G,178,open,,,,,0,,paper,import 2026-09-04,2026-09-04
G-179,G,179,open,,,,,0,,paper,import 2026-09-04,2026-09-04
G-180,G,180,open,,,,,0,,paper,import 2026-09-04,2026-09-04
H-1,H,1,occupied,,,,,1,,paper,import 2026-09-04,2026-09-04
H-2,H,2,occupied,,,,,1,,paper,import 2026-09-04,2026-09-04
H-3,H,3,occupied,,,,,1,,paper,import 2026-09-04,2026-09-04
H-4,H,4,occupied,,,,,1,,paper,import 2026-09-04,2026-09-04
H-5,H,5,occupied,,,,,1,,paper,import 2026-09-04,2026-09-04
H-6,H,6,occupied,,,,,1,,paper,import 2026-09-04,2026-09-04
H-7,H,7,occupied,,,,,2,,paper,import 2026-09-04,2026-09-04
H-8,H,8,occupied,,,,,1,,paper,import 2026-09-04,2026-09-04
H-9,H,9,occupied,,,,,1,,paper,import 2026-09-04,2026-09-04
H-10,H,10,occupied,,,,,1,,paper,import 2026-09-04,2026-09-04
H-11,H,11,occupied,,,,,1,,paper,import 2026-09-04,2026-09-04
H-12,H,12,occupied,,,,,1,,paper,import 2026-09-04,2026-09-04
H-13,H,13,occupied,,,,,1,,paper,import 2026-09-04,2026-09-04
H-14,H,14,open,,,,,0,,paper,import 2026-09-04,2026-09-04
H-15,H,15,open,,,,,0,,paper,import 2026-09-04,2026-09-04
H-16,H,16,open,,,,,0,,paper,import 2026-09-04,2026-09-04
H-17,H,17,open,,,,,0,,paper,import 2026-09-04,2026-09-04
H-18,H,18,open,,,,,0,,paper,import 2026-09-04,2026-09-04
H-19,H,19,open,,,,,0,,paper,import 2026-09-04,2026-09-04
H-20,H,20,open,,,,,0,,paper,import 2026-09-04,2026-09-04
H-21,H,21,occupied,,,,,1,,paper,import 2026-09-04,2026-09-04
H-22,H,22,occupied,,,,,1,,paper,import 2026-09-04,2026-09-04
H-23,H,23,occupied,,,,,1,,paper,import 2026-09-04,2026-09-04
H-24,H,24,occupied,,,,,1,,paper,import 2026-09-04,2026-09-04
H-25,H,25,occupied,,,,,1,,paper,import 2026-09-04,2026-09-04
H-26,H,26,occupied,,,,,1,,paper,import 2026-09-04,2026-09-04
H-27,H,27,occupied,,,,,1,,paper,import 2026-09-04,2026-09-04
H-28,H,28,occupied,,,,,1,,paper,import 2026-09-04,2026-09-04
H-29,H,29,occupied,,,,,1,,paper,import 2026-09-04,2026-09-04
H-30,H,30,occupied,,,,,1,,paper,import 2026-09-04,2026-09-04
H-31,H,31,occupied,,,,,1,,paper,import 2026-09-04,2026-09-04
H-32,H,32,occupied,,,,,1,,paper,import 2026-09-04,2026-09-04
H-33,H,33,occupied,,,,,1,,paper,import 2026-09-04,2026-09-04
H-34,H,34,open,,,,,0,,paper,import 2026-09-04,2026-09-04
H-35,H,35,open,,,,,0,,paper,import 2026-09-04,2026-09-04
H-36,H,36,open,,,,,0,,paper,import 2026-09-04,2026-09-04
H-37,H,37,open,,,,,0,,paper,import 2026-09-04,2026-09-04
H-38,H,38,open,,,,,0,,paper,import 2026-09-04,2026-09-04
H-39,H,39,open,,,,,0,,paper,import 2026-09-04,2026-09-04
H-40,H,40,open,,,,,0,,paper,import 2026-09-04,2026-09-04
H-41,H,41,occupied,,,,,1,,paper,import 2026-09-04,2026-09-04
H-42,H,42,occupied,,,,,1,,paper,import 2026-09-04,2026-09-04
H-43,H,43,occupied,,,,,1,,paper,import 2026-09-04,2026-09-04
H-44,H,44,occupied,,,,,1,,paper,import 2026-09-04,2026-09-04
H-45,H,45,occupied,,,,,1,,paper,import 2026-09-04,2026-09-04
H-46,H,46,occupied,,,,,1,,paper,import 2026-09-04,2026-09-04
H-47,H,47,occupied,,,,,1,,paper,import 2026-09-04,2026-09-04
H-48,H,48,occupied,John & Phyllis Rector,2014,150,,1,in Plots Sold ledger,paper,import 2026-09-04,2026-09-04
H-49,H,49,occupied,John & Phyllis Rector,2014,150,,1,in Plots Sold ledger,paper,import 2026-09-04,2026-09-04
H-50,H,50,occupied,John & Phyllis Rector,2014,150,,1,in Plots Sold ledger,paper,import 2026-09-04,2026-09-04
H-51,H,51,occupied,John & Phyllis Rector,2014,150,,1,in Plots Sold ledger,paper,import 2026-09-04,2026-09-04
H-52,H,52,occupied,John & Phyllis Rector,2014,150,,1,in Plots Sold ledger,paper,import 2026-09-04,2026-09-04
H-53,H,53,occupied,John & Phyllis Rector,2014,150,,1,in Plots Sold ledger,paper,import 2026-09-04,2026-09-04
H-54,H,54,occupied,Rhonda Browning,2019,150,Ck 1058,1,in Plots Sold ledger,paper,import 2026-09-04,2026-09-04
H-55,H,55,occupied,Rhonda Browning,2019,150,Ck 1058,1,in Plots Sold ledger,paper,import 2026-09-04,2026-09-04
H-56,H,56,open,,,,,0,,paper,import 2026-09-04,2026-09-04
H-57,H,57,open,,,,,0,,paper,import 2026-09-04,2026-09-04
H-58,H,58,open,,,,,0,,paper,import 2026-09-04,2026-09-04
H-59,H,59,open,,,,,0,,paper,import 2026-09-04,2026-09-04
H-60,H,60,open,,,,,0,,paper,import 2026-09-04,2026-09-04
H-61,H,61,occupied,,,,,1,,paper,import 2026-09-04,2026-09-04
H-62,H,62,occupied,,,,,1,,paper,import 2026-09-04,2026-09-04
H-63,H,63,occupied,,,,,1,,paper,import 2026-09-04,2026-09-04
H-64,H,64,occupied,,,,,1,,paper,import 2026-09-04,2026-09-04
H-65,H,65,occupied,,,,,1,,paper,import 2026-09-04,2026-09-04
H-66,H,66,occupied,,,,,1,,paper,import 2026-09-04,2026-09-04
H-67,H,67,occupied,,,,,1,,paper,import 2026-09-04,2026-09-04
H-68,H,68,occupied,,,,,1,,paper,import 2026-09-04,2026-09-04
H-69,H,69,occupied,,,,,1,,paper,import 2026-09-04,2026-09-04
H-70,H,70,occupied,,,,,1,,paper,import 2026-09-04,2026-09-04
H-71,H,71,occupied,,,,,1,,paper,import 2026-09-04,2026-09-04
H-72,H,72,occupied,Robin Mull,2014,150,,1,in Plots Sold ledger,paper,import 2026-09-04,2026-09-04
H-73,H,73,occupied,Robin Mull,2014,150,,1,in Plots Sold ledger,paper,import 2026-09-04,2026-09-04
H-74,H,74,occupied,Robin Mull,2014,150,,1,in Plots Sold ledger,paper,import 2026-09-04,2026-09-04
H-75,H,75,occupied,Robin Mull,2014,150,,1,in Plots Sold ledger,paper,import 2026-09-04,2026-09-04
H-76,H,76,occupied,Robin Mull,2014,150,,1,in Plots Sold ledger,paper,import 2026-09-04,2026-09-04
H-77,H,77,occupied,Robin Mull,2014,150,,1,in Plots Sold ledger,paper,import 2026-09-04,2026-09-04
H-78,H,78,occupied,Robin Mull,2014,150,,1,in Plots Sold ledger,paper,import 2026-09-04,2026-09-04
H-79,H,79,occupied,Robin Mull,2014,150,,1,in Plots Sold ledger,paper,import 2026-09-04,2026-09-04
H-80,H,80,occupied,Robin Mull,2014,150,,1,in Plots Sold ledger,paper,import 2026-09-04,2026-09-04
H-81,H,81,occupied,,,,,1,,paper,import 2026-09-04,2026-09-04
H-82,H,82,occupied,,,,,3,,paper,import 2026-09-04,2026-09-04
H-83,H,83,occupied,,,,,1,,paper,import 2026-09-04,2026-09-04
H-84,H,84,occupied,,,,,1,,paper,import 2026-09-04,2026-09-04
H-85,H,85,occupied,,,,,1,,paper,import 2026-09-04,2026-09-04
H-86,H,86,occupied,,,,,1,,paper,import 2026-09-04,2026-09-04
H-87,H,87,occupied,,,,,1,,paper,import 2026-09-04,2026-09-04
H-88,H,88,occupied,Haley Browning,2017,150,cash,1,in Plots Sold ledger,paper,import 2026-09-04,2026-09-04
H-89,H,89,occupied,Dorian Browning,2020,150,Ck 6701,1,in Plots Sold ledger,paper,import 2026-09-04,2026-09-04
H-90,H,90,occupied,Dorian Browning,2020,150,Ck 6701,1,in Plots Sold ledger,paper,import 2026-09-04,2026-09-04
H-91,H,91,occupied,Dorian Browning,2020,150,Ck 1385,1,in Plots Sold ledger,paper,import 2026-09-04,2026-09-04
H-92,H,92,occupied,Marie Rupp,2020,150,Ck11910/ck 11903,1,in Plots Sold ledger,paper,import 2026-09-04,2026-09-04
H-93,H,93,open,,,,,0,,paper,import 2026-09-04,2026-09-04
H-94,H,94,open,,,,,0,,paper,import 2026-09-04,2026-09-04
H-95,H,95,open,,,,,0,,paper,import 2026-09-04,2026-09-04
H-96,H,96,occupied,,,,,1,,paper,import 2026-09-04,2026-09-04
H-97,H,97,occupied,,,,,1,,paper,import 2026-09-04,2026-09-04
H-98,H,98,occupied,,,,,1,,paper,import 2026-09-04,2026-09-04
H-99,H,99,occupied,,,,,1,,paper,import 2026-09-04,2026-09-04
H-100,H,100,occupied,,,,,2,,paper,import 2026-09-04,2026-09-04
H-101,H,101,occupied,,,,,1,,paper,import 2026-09-04,2026-09-04
H-102,H,102,occupied,,,,,1,,paper,import 2026-09-04,2026-09-04
H-103,H,103,occupied,,,,,1,,paper,import 2026-09-04,2026-09-04
H-104,H,104,occupied,,,,,1,,paper,import 2026-09-04,2026-09-04
H-105,H,105,occupied,,,,,1,,paper,import 2026-09-04,2026-09-04
H-106,H,106,occupied,,,,,1,,paper,import 2026-09-04,2026-09-04
H-107,H,107,occupied,,,,,1,,paper,import 2026-09-04,2026-09-04
H-108,H,108,occupied,,,,,1,,paper,import 2026-09-04,2026-09-04
H-109,H,109,occupied,,,,,1,,paper,import 2026-09-04,2026-09-04
H-110,H,110,occupied,,,,,1,,paper,import 2026-09-04,2026-09-04
H-111,H,111,occupied,,,,,1,,paper,import 2026-09-04,2026-09-04
H-112,H,112,occupied,,,,,1,,paper,import 2026-09-04,2026-09-04
H-113,H,113,occupied,,,,,1,,paper,import 2026-09-04,2026-09-04
H-114,H,114,occupied,,,,,1,,paper,import 2026-09-04,2026-09-04
H-115,H,115,occupied,,,,,1,,paper,import 2026-09-04,2026-09-04
H-116,H,116,occupied,,,,,1,,paper,import 2026-09-04,2026-09-04
H-117,H,117,occupied,,,,,1,,paper,import 2026-09-04,2026-09-04
H-118,H,118,occupied,,,,,1,,paper,import 2026-09-04,2026-09-04
H-119,H,119,occupied,,,,,1,,paper,import 2026-09-04,2026-09-04
H-120,H,120,occupied,,,,,1,,paper,import 2026-09-04,2026-09-04
H-121,H,121,occupied,,,,,1,,paper,import 2026-09-04,2026-09-04
H-122,H,122,occupied,,,,,1,,paper,import 2026-09-04,2026-09-04
H-123,H,123,occupied,,,,,1,,paper,import 2026-09-04,2026-09-04
H-124,H,124,occupied,,,,,1,,paper,import 2026-09-04,2026-09-04
H-125,H,125,occupied,,,,,1,,paper,import 2026-09-04,2026-09-04
H-126,H,126,occupied,,,,,1,,paper,import 2026-09-04,2026-09-04
H-127,H,127,occupied,,,,,1,,paper,import 2026-09-04,2026-09-04
H-128,H,128,occupied,,,,,1,,paper,import 2026-09-04,2026-09-04
H-129,H,129,occupied,,,,,1,,paper,import 2026-09-04,2026-09-04
H-130,H,130,occupied,,,,,1,,paper,import 2026-09-04,2026-09-04
H-131,H,131,occupied,,,,,1,,paper,import 2026-09-04,2026-09-04
H-132,H,132,occupied,,,,,1,,paper,import 2026-09-04,2026-09-04
H-133,H,133,occupied,Angie Wansing,2016,150,Ck,1,in Plots Sold ledger,paper,import 2026-09-04,2026-09-04
H-134,H,134,occupied,Kevin Wansing,2018,150,Ck 3486,1,in Plots Sold ledger,paper,import 2026-09-04,2026-09-04
H-135,H,135,open,,,,,0,,paper,import 2026-09-04,2026-09-04
H-136,H,136,occupied,Barbara Taylor,2012,150,,1,in Plots Sold ledger,paper,import 2026-09-04,2026-09-04
H-137,H,137,occupied,Barbara Taylor,2012,150,,1,in Plots Sold ledger,paper,import 2026-09-04,2026-09-04
H-138,H,138,open,,,,,0,,paper,import 2026-09-04,2026-09-04
H-139,H,139,open,,,,,0,,paper,import 2026-09-04,2026-09-04
H-140,H,140,open,,,,,0,,paper,import 2026-09-04,2026-09-04
H-141,H,141,occupied,,,,,1,,paper,import 2026-09-04,2026-09-04
H-142,H,142,occupied,,,,,1,,paper,import 2026-09-04,2026-09-04
H-143,H,143,occupied,,,,,1,,paper,import 2026-09-04,2026-09-04
H-144,H,144,occupied,,,,,1,,paper,import 2026-09-04,2026-09-04
H-145,H,145,occupied,,,,,1,,paper,import 2026-09-04,2026-09-04
H-146,H,146,occupied,,,,,1,,paper,import 2026-09-04,2026-09-04
H-147,H,147,occupied,,,,,1,,paper,import 2026-09-04,2026-09-04
H-148,H,148,occupied,,,,,1,,paper,import 2026-09-04,2026-09-04
H-149,H,149,occupied,,,,,1,,paper,import 2026-09-04,2026-09-04
H-150,H,150,occupied,,,,,1,,paper,import 2026-09-04,2026-09-04
H-151,H,151,occupied,,,,,1,,paper,import 2026-09-04,2026-09-04
H-152,H,152,occupied,Joseph Wansing,2024,250,ch 2266 (check for $400),1,in Plots Sold ledger,paper,import 2026-09-04,2026-09-04
H-153,H,153,open,,,,,0,,paper,import 2026-09-04,2026-09-04
H-154,H,154,open,,,,,0,,paper,import 2026-09-04,2026-09-04
H-155,H,155,open,,,,,0,,paper,import 2026-09-04,2026-09-04
H-156,H,156,open,,,,,0,,paper,import 2026-09-04,2026-09-04
H-157,H,157,open,,,,,0,,paper,import 2026-09-04,2026-09-04
H-158,H,158,open,,,,,0,,paper,import 2026-09-04,2026-09-04
H-159,H,159,open,,,,,0,,paper,import 2026-09-04,2026-09-04
H-160,H,160,open,,,,,0,,paper,import 2026-09-04,2026-09-04
H-161,H,161,occupied,Diane & Lyn Heerman,2025,250,Pd,1,in Plots Sold ledger,paper,import 2026-09-04,2026-09-04
H-162,H,162,occupied,Diane & Lyn Heerman,2025,250,Pd,1,in Plots Sold ledger,paper,import 2026-09-04,2026-09-04
H-163,H,163,open,,,,,0,,paper,import 2026-09-04,2026-09-04
H-164,H,164,open,,,,,0,,paper,import 2026-09-04,2026-09-04
H-165,H,165,open,,,,,0,,paper,import 2026-09-04,2026-09-04
H-166,H,166,open,,,,,0,,paper,import 2026-09-04,2026-09-04
H-167,H,167,open,,,,,0,,paper,import 2026-09-04,2026-09-04
H-168,H,168,open,,,,,0,,paper,import 2026-09-04,2026-09-04
H-169,H,169,open,,,,,0,,paper,import 2026-09-04,2026-09-04
H-170,H,170,open,,,,,0,,paper,import 2026-09-04,2026-09-04
I-1,I,1,occupied,John & Catherine Thiel,2009,150,,1,in Plots Sold ledger,paper,import 2026-09-04,2026-09-04
I-2,I,2,occupied,John & Catherine Thiel,2009,150,,1,in Plots Sold ledger,paper,import 2026-09-04,2026-09-04
I-3,I,3,occupied,Patricia Benyo,2019,150,Ck 9861,1,in Plots Sold ledger,paper,import 2026-09-04,2026-09-04
I-4,I,4,occupied,Patricia Benyo,2019,150,Ck 9861,1,in Plots Sold ledger,paper,import 2026-09-04,2026-09-04
I-5,I,5,occupied,Patricia Benyo,2019,150,Ck 9861,1,in Plots Sold ledger,paper,import 2026-09-04,2026-09-04
I-6,I,6,occupied,Thomas Malone,2020,150,Ck 3130,1,in Plots Sold ledger,paper,import 2026-09-04,2026-09-04
I-7,I,7,occupied,Thomas Malone,2020,150,Ck 3130,1,in Plots Sold ledger,paper,import 2026-09-04,2026-09-04
I-8,I,8,open,,,,,0,,paper,import 2026-09-04,2026-09-04
I-9,I,9,open,,,,,0,,paper,import 2026-09-04,2026-09-04
I-10,I,10,open,,,,,0,,paper,import 2026-09-04,2026-09-04
I-11,I,11,open,,,,,0,,paper,import 2026-09-04,2026-09-04
I-12,I,12,open,,,,,0,,paper,import 2026-09-04,2026-09-04
I-13,I,13,open,,,,,0,,paper,import 2026-09-04,2026-09-04
I-14,I,14,open,,,,,0,,paper,import 2026-09-04,2026-09-04
I-15,I,15,open,,,,,0,,paper,import 2026-09-04,2026-09-04
I-16,I,16,open,,,,,0,,paper,import 2026-09-04,2026-09-04
I-17,I,17,open,,,,,0,,paper,import 2026-09-04,2026-09-04
I-18,I,18,open,,,,,0,,paper,import 2026-09-04,2026-09-04
I-19,I,19,open,,,,,0,,paper,import 2026-09-04,2026-09-04
I-20,I,20,open,,,,,0,,paper,import 2026-09-04,2026-09-04
I-21,I,21,occupied,,,,,1,,paper,import 2026-09-04,2026-09-04
I-22,I,22,occupied,,,,,1,,paper,import 2026-09-04,2026-09-04
I-23,I,23,occupied,,,,,1,,paper,import 2026-09-04,2026-09-04
I-24,I,24,occupied,,,,,1,,paper,import 2026-09-04,2026-09-04
I-25,I,25,open,,,,,0,,paper,import 2026-09-04,2026-09-04
I-26,I,26,open,,,,,0,,paper,import 2026-09-04,2026-09-04
I-27,I,27,open,,,,,0,,paper,import 2026-09-04,2026-09-04
I-28,I,28,open,,,,,0,,paper,import 2026-09-04,2026-09-04
I-29,I,29,open,,,,,0,,paper,import 2026-09-04,2026-09-04
I-30,I,30,open,,,,,0,,paper,import 2026-09-04,2026-09-04
I-31,I,31,open,,,,,0,,paper,import 2026-09-04,2026-09-04
I-32,I,32,open,,,,,0,,paper,import 2026-09-04,2026-09-04
I-33,I,33,open,,,,,0,,paper,import 2026-09-04,2026-09-04
I-34,I,34,open,,,,,0,,paper,import 2026-09-04,2026-09-04
I-35,I,35,open,,,,,0,,paper,import 2026-09-04,2026-09-04
I-36,I,36,open,,,,,0,,paper,import 2026-09-04,2026-09-04
I-37,I,37,open,,,,,0,,paper,import 2026-09-04,2026-09-04
I-38,I,38,open,,,,,0,,paper,import 2026-09-04,2026-09-04
I-39,I,39,open,,,,,0,,paper,import 2026-09-04,2026-09-04
I-40,I,40,open,,,,,0,,paper,import 2026-09-04,2026-09-04
I-41,I,41,open,,,,,0,,paper,import 2026-09-04,2026-09-04
I-42,I,42,open,,,,,0,,paper,import 2026-09-04,2026-09-04
I-43,I,43,open,,,,,0,,paper,import 2026-09-04,2026-09-04
I-44,I,44,open,,,,,0,,paper,import 2026-09-04,2026-09-04
I-45,I,45,open,,,,,0,,paper,import 2026-09-04,2026-09-04
I-46,I,46,open,,,,,0,,paper,import 2026-09-04,2026-09-04
I-47,I,47,open,,,,,0,,paper,import 2026-09-04,2026-09-04
I-48,I,48,open,,,,,0,,paper,import 2026-09-04,2026-09-04
I-49,I,49,open,,,,,0,,paper,import 2026-09-04,2026-09-04
I-50,I,50,open,,,,,0,,paper,import 2026-09-04,2026-09-04
I-51,I,51,open,,,,,0,,paper,import 2026-09-04,2026-09-04
I-52,I,52,open,,,,,0,,paper,import 2026-09-04,2026-09-04
I-53,I,53,open,,,,,0,,paper,import 2026-09-04,2026-09-04
I-54,I,54,open,,,,,0,,paper,import 2026-09-04,2026-09-04
I-55,I,55,open,,,,,0,,paper,import 2026-09-04,2026-09-04
I-56,I,56,open,,,,,0,,paper,import 2026-09-04,2026-09-04
I-57,I,57,open,,,,,0,,paper,import 2026-09-04,2026-09-04
I-58,I,58,open,,,,,0,,paper,import 2026-09-04,2026-09-04
I-59,I,59,open,,,,,0,,paper,import 2026-09-04,2026-09-04
I-60,I,60,open,,,,,0,,paper,import 2026-09-04,2026-09-04
I-61,I,61,open,,,,,0,,paper,import 2026-09-04,2026-09-04
I-62,I,62,open,,,,,0,,paper,import 2026-09-04,2026-09-04
I-63,I,63,open,,,,,0,,paper,import 2026-09-04,2026-09-04
I-64,I,64,open,,,,,0,,paper,import 2026-09-04,2026-09-04
I-65,I,65,open,,,,,0,,paper,import 2026-09-04,2026-09-04
I-66,I,66,open,,,,,0,,paper,import 2026-09-04,2026-09-04
I-67,I,67,open,,,,,0,,paper,import 2026-09-04,2026-09-04
I-68,I,68,open,,,,,0,,paper,import 2026-09-04,2026-09-04
I-69,I,69,open,,,,,0,,paper,import 2026-09-04,2026-09-04
I-70,I,70,open,,,,,0,,paper,import 2026-09-04,2026-09-04
I-71,I,71,open,,,,,0,,paper,import 2026-09-04,2026-09-04
I-72,I,72,open,,,,,0,,paper,import 2026-09-04,2026-09-04
I-73,I,73,open,,,,,0,,paper,import 2026-09-04,2026-09-04
I-74,I,74,open,,,,,0,,paper,import 2026-09-04,2026-09-04
I-75,I,75,open,,,,,0,,paper,import 2026-09-04,2026-09-04
I-76,I,76,open,,,,,0,,paper,import 2026-09-04,2026-09-04
I-77,I,77,open,,,,,0,,paper,import 2026-09-04,2026-09-04
I-78,I,78,open,,,,,0,,paper,import 2026-09-04,2026-09-04
I-79,I,79,open,,,,,0,,paper,import 2026-09-04,2026-09-04
I-80,I,80,open,,,,,0,,paper,import 2026-09-04,2026-09-04
J-1,J,1,occupied,Charles & Karen Valsin,2021,150,Ck 1199,1,in Plots Sold ledger,paper,import 2026-09-04,2026-09-04
J-2,J,2,occupied,Charles & Karen Valsin,2021,150,Ck 1199,1,in Plots Sold ledger,paper,import 2026-09-04,2026-09-04
J-3,J,3,open,,,,,0,,paper,import 2026-09-04,2026-09-04
J-4,J,4,open,,,,,0,,paper,import 2026-09-04,2026-09-04
J-5,J,5,open,,,,,0,,paper,import 2026-09-04,2026-09-04
J-6,J,6,open,,,,,0,,paper,import 2026-09-04,2026-09-04
J-7,J,7,open,,,,,0,,paper,import 2026-09-04,2026-09-04
J-8,J,8,open,,,,,0,,paper,import 2026-09-04,2026-09-04
J-9,J,9,open,,,,,0,,paper,import 2026-09-04,2026-09-04
J-10,J,10,open,,,,,0,,paper,import 2026-09-04,2026-09-04
J-11,J,11,open,,,,,0,,paper,import 2026-09-04,2026-09-04
J-12,J,12,open,,,,,0,,paper,import 2026-09-04,2026-09-04
J-13,J,13,open,,,,,0,,paper,import 2026-09-04,2026-09-04
J-14,J,14,open,,,,,0,,paper,import 2026-09-04,2026-09-04
J-15,J,15,open,,,,,0,,paper,import 2026-09-04,2026-09-04
J-16,J,16,open,,,,,0,,paper,import 2026-09-04,2026-09-04
J-17,J,17,open,,,,,0,,paper,import 2026-09-04,2026-09-04
J-18,J,18,open,,,,,0,,paper,import 2026-09-04,2026-09-04
J-19,J,19,open,,,,,0,,paper,import 2026-09-04,2026-09-04
J-20,J,20,open,,,,,0,,paper,import 2026-09-04,2026-09-04
J-21,J,21,occupied,,,,,1,,paper,import 2026-09-04,2026-09-04
J-22,J,22,occupied,,,,,1,,paper,import 2026-09-04,2026-09-04
J-23,J,23,occupied,,,,,1,,paper,import 2026-09-04,2026-09-04
J-24,J,24,occupied,,,,,1,,paper,import 2026-09-04,2026-09-04
J-25,J,25,open,,,,,0,,paper,import 2026-09-04,2026-09-04
J-26,J,26,open,,,,,0,,paper,import 2026-09-04,2026-09-04
J-27,J,27,open,,,,,0,,paper,import 2026-09-04,2026-09-04
J-28,J,28,open,,,,,0,,paper,import 2026-09-04,2026-09-04
J-29,J,29,open,,,,,0,,paper,import 2026-09-04,2026-09-04
J-30,J,30,open,,,,,0,,paper,import 2026-09-04,2026-09-04
J-31,J,31,open,,,,,0,,paper,import 2026-09-04,2026-09-04
J-32,J,32,open,,,,,0,,paper,import 2026-09-04,2026-09-04
J-33,J,33,open,,,,,0,,paper,import 2026-09-04,2026-09-04
J-34,J,34,open,,,,,0,,paper,import 2026-09-04,2026-09-04
J-35,J,35,open,,,,,0,,paper,import 2026-09-04,2026-09-04
J-36,J,36,open,,,,,0,,paper,import 2026-09-04,2026-09-04
J-37,J,37,open,,,,,0,,paper,import 2026-09-04,2026-09-04
J-38,J,38,open,,,,,0,,paper,import 2026-09-04,2026-09-04
J-39,J,39,open,,,,,0,,paper,import 2026-09-04,2026-09-04
J-40,J,40,open,,,,,0,,paper,import 2026-09-04,2026-09-04
J-41,J,41,open,,,,,0,,paper,import 2026-09-04,2026-09-04
J-42,J,42,open,,,,,0,,paper,import 2026-09-04,2026-09-04
J-43,J,43,open,,,,,0,,paper,import 2026-09-04,2026-09-04
J-44,J,44,open,,,,,0,,paper,import 2026-09-04,2026-09-04
J-45,J,45,open,,,,,0,,paper,import 2026-09-04,2026-09-04
J-46,J,46,open,,,,,0,,paper,import 2026-09-04,2026-09-04
J-47,J,47,open,,,,,0,,paper,import 2026-09-04,2026-09-04
J-48,J,48,open,,,,,0,,paper,import 2026-09-04,2026-09-04
J-49,J,49,open,,,,,0,,paper,import 2026-09-04,2026-09-04
J-50,J,50,open,,,,,0,,paper,import 2026-09-04,2026-09-04
J-51,J,51,open,,,,,0,,paper,import 2026-09-04,2026-09-04
J-52,J,52,open,,,,,0,,paper,import 2026-09-04,2026-09-04
J-53,J,53,open,,,,,0,,paper,import 2026-09-04,2026-09-04
J-54,J,54,open,,,,,0,,paper,import 2026-09-04,2026-09-04
J-55,J,55,open,,,,,0,,paper,import 2026-09-04,2026-09-04
J-56,J,56,open,,,,,0,,paper,import 2026-09-04,2026-09-04
J-57,J,57,open,,,,,0,,paper,import 2026-09-04,2026-09-04
J-58,J,58,open,,,,,0,,paper,import 2026-09-04,2026-09-04
J-59,J,59,open,,,,,0,,paper,import 2026-09-04,2026-09-04
J-60,J,60,open,,,,,0,,paper,import 2026-09-04,2026-09-04
J-61,J,61,open,,,,,0,,paper,import 2026-09-04,2026-09-04
J-62,J,62,open,,,,,0,,paper,import 2026-09-04,2026-09-04
J-63,J,63,open,,,,,0,,paper,import 2026-09-04,2026-09-04
J-64,J,64,open,,,,,0,,paper,import 2026-09-04,2026-09-04
J-65,J,65,open,,,,,0,,paper,import 2026-09-04,2026-09-04
J-66,J,66,open,,,,,0,,paper,import 2026-09-04,2026-09-04
J-67,J,67,open,,,,,0,,paper,import 2026-09-04,2026-09-04
J-68,J,68,open,,,,,0,,paper,import 2026-09-04,2026-09-04
J-69,J,69,open,,,,,0,,paper,import 2026-09-04,2026-09-04
J-70,J,70,open,,,,,0,,paper,import 2026-09-04,2026-09-04
J-71,J,71,open,,,,,0,,paper,import 2026-09-04,2026-09-04
J-72,J,72,open,,,,,0,,paper,import 2026-09-04,2026-09-04
J-73,J,73,open,,,,,0,,paper,import 2026-09-04,2026-09-04
J-74,J,74,open,,,,,0,,paper,import 2026-09-04,2026-09-04
J-75,J,75,open,,,,,0,,paper,import 2026-09-04,2026-09-04
J-76,J,76,open,,,,,0,,paper,import 2026-09-04,2026-09-04
J-77,J,77,open,,,,,0,,paper,import 2026-09-04,2026-09-04
J-78,J,78,open,,,,,0,,paper,import 2026-09-04,2026-09-04
J-79,J,79,open,,,,,0,,paper,import 2026-09-04,2026-09-04
J-80,J,80,open,,,,,0,,paper,import 2026-09-04,2026-09-04
K-1,K,1,occupied,Charles & Karen Valsin,2021,150,Ck 1199,1,in Plots Sold ledger,paper,import 2026-09-04,2026-09-04
K-2,K,2,occupied,Charles & Karen Valsin,2021,150,Ck 1199,1,in Plots Sold ledger,paper,import 2026-09-04,2026-09-04
K-3,K,3,open,,,,,0,,paper,import 2026-09-04,2026-09-04
K-4,K,4,open,,,,,0,,paper,import 2026-09-04,2026-09-04
K-5,K,5,open,,,,,0,,paper,import 2026-09-04,2026-09-04
K-6,K,6,open,,,,,0,,paper,import 2026-09-04,2026-09-04
K-7,K,7,open,,,,,0,,paper,import 2026-09-04,2026-09-04
K-8,K,8,open,,,,,0,,paper,import 2026-09-04,2026-09-04
K-9,K,9,open,,,,,0,,paper,import 2026-09-04,2026-09-04
K-10,K,10,open,,,,,0,,paper,import 2026-09-04,2026-09-04
K-11,K,11,open,,,,,0,,paper,import 2026-09-04,2026-09-04
K-12,K,12,open,,,,,0,,paper,import 2026-09-04,2026-09-04
K-13,K,13,open,,,,,0,,paper,import 2026-09-04,2026-09-04
K-14,K,14,open,,,,,0,,paper,import 2026-09-04,2026-09-04
K-15,K,15,open,,,,,0,,paper,import 2026-09-04,2026-09-04
K-16,K,16,open,,,,,0,,paper,import 2026-09-04,2026-09-04
K-17,K,17,open,,,,,0,,paper,import 2026-09-04,2026-09-04
K-18,K,18,open,,,,,0,,paper,import 2026-09-04,2026-09-04
K-19,K,19,open,,,,,0,,paper,import 2026-09-04,2026-09-04
K-20,K,20,open,,,,,0,,paper,import 2026-09-04,2026-09-04
K-21,K,21,occupied,,,,,1,,paper,import 2026-09-04,2026-09-04
K-22,K,22,occupied,,,,,1,,paper,import 2026-09-04,2026-09-04
K-23,K,23,occupied,,,,,1,,paper,import 2026-09-04,2026-09-04
K-24,K,24,occupied,,,,,1,,paper,import 2026-09-04,2026-09-04
K-25,K,25,open,,,,,0,,paper,import 2026-09-04,2026-09-04
K-26,K,26,open,,,,,0,,paper,import 2026-09-04,2026-09-04
K-27,K,27,open,,,,,0,,paper,import 2026-09-04,2026-09-04
K-28,K,28,open,,,,,0,,paper,import 2026-09-04,2026-09-04
K-29,K,29,open,,,,,0,,paper,import 2026-09-04,2026-09-04
K-30,K,30,open,,,,,0,,paper,import 2026-09-04,2026-09-04
K-31,K,31,open,,,,,0,,paper,import 2026-09-04,2026-09-04
K-32,K,32,open,,,,,0,,paper,import 2026-09-04,2026-09-04
K-33,K,33,open,,,,,0,,paper,import 2026-09-04,2026-09-04
K-34,K,34,open,,,,,0,,paper,import 2026-09-04,2026-09-04
K-35,K,35,open,,,,,0,,paper,import 2026-09-04,2026-09-04
K-36,K,36,open,,,,,0,,paper,import 2026-09-04,2026-09-04
K-37,K,37,open,,,,,0,,paper,import 2026-09-04,2026-09-04
K-38,K,38,open,,,,,0,,paper,import 2026-09-04,2026-09-04
K-39,K,39,open,,,,,0,,paper,import 2026-09-04,2026-09-04
K-40,K,40,open,,,,,0,,paper,import 2026-09-04,2026-09-04
K-41,K,41,open,,,,,0,,paper,import 2026-09-04,2026-09-04
K-42,K,42,open,,,,,0,,paper,import 2026-09-04,2026-09-04
K-43,K,43,open,,,,,0,,paper,import 2026-09-04,2026-09-04
K-44,K,44,open,,,,,0,,paper,import 2026-09-04,2026-09-04
K-45,K,45,open,,,,,0,,paper,import 2026-09-04,2026-09-04
K-46,K,46,open,,,,,0,,paper,import 2026-09-04,2026-09-04
K-47,K,47,open,,,,,0,,paper,import 2026-09-04,2026-09-04
K-48,K,48,open,,,,,0,,paper,import 2026-09-04,2026-09-04
K-49,K,49,open,,,,,0,,paper,import 2026-09-04,2026-09-04
K-50,K,50,open,,,,,0,,paper,import 2026-09-04,2026-09-04
K-51,K,51,open,,,,,0,,paper,import 2026-09-04,2026-09-04
K-52,K,52,open,,,,,0,,paper,import 2026-09-04,2026-09-04
K-53,K,53,open,,,,,0,,paper,import 2026-09-04,2026-09-04
K-54,K,54,open,,,,,0,,paper,import 2026-09-04,2026-09-04
K-55,K,55,open,,,,,0,,paper,import 2026-09-04,2026-09-04
K-56,K,56,open,,,,,0,,paper,import 2026-09-04,2026-09-04
K-57,K,57,open,,,,,0,,paper,import 2026-09-04,2026-09-04
K-58,K,58,open,,,,,0,,paper,import 2026-09-04,2026-09-04
K-59,K,59,open,,,,,0,,paper,import 2026-09-04,2026-09-04
K-60,K,60,open,,,,,0,,paper,import 2026-09-04,2026-09-04
K-61,K,61,open,,,,,0,,paper,import 2026-09-04,2026-09-04
K-62,K,62,open,,,,,0,,paper,import 2026-09-04,2026-09-04
K-63,K,63,open,,,,,0,,paper,import 2026-09-04,2026-09-04
K-64,K,64,open,,,,,0,,paper,import 2026-09-04,2026-09-04
K-65,K,65,open,,,,,0,,paper,import 2026-09-04,2026-09-04
K-66,K,66,open,,,,,0,,paper,import 2026-09-04,2026-09-04
K-67,K,67,open,,,,,0,,paper,import 2026-09-04,2026-09-04
K-68,K,68,open,,,,,0,,paper,import 2026-09-04,2026-09-04
K-69,K,69,open,,,,,0,,paper,import 2026-09-04,2026-09-04
K-70,K,70,open,,,,,0,,paper,import 2026-09-04,2026-09-04
K-71,K,71,open,,,,,0,,paper,import 2026-09-04,2026-09-04
K-72,K,72,open,,,,,0,,paper,import 2026-09-04,2026-09-04
K-73,K,73,open,,,,,0,,paper,import 2026-09-04,2026-09-04
K-74,K,74,open,,,,,0,,paper,import 2026-09-04,2026-09-04
K-75,K,75,open,,,,,0,,paper,import 2026-09-04,2026-09-04
K-76,K,76,open,,,,,0,,paper,import 2026-09-04,2026-09-04
K-77,K,77,open,,,,,0,,paper,import 2026-09-04,2026-09-04
K-78,K,78,open,,,,,0,,paper,import 2026-09-04,2026-09-04
K-79,K,79,open,,,,,0,,paper,import 2026-09-04,2026-09-04
K-80,K,80,open,,,,,0,,paper,import 2026-09-04,2026-09-04
L-1,L,1,open,,,,,0,,paper,import 2026-09-04,2026-09-04
L-2,L,2,open,,,,,0,,paper,import 2026-09-04,2026-09-04
L-3,L,3,open,,,,,0,,paper,import 2026-09-04,2026-09-04
L-4,L,4,open,,,,,0,,paper,import 2026-09-04,2026-09-04
L-5,L,5,open,,,,,0,,paper,import 2026-09-04,2026-09-04
L-6,L,6,open,,,,,0,,paper,import 2026-09-04,2026-09-04
L-7,L,7,open,,,,,0,,paper,import 2026-09-04,2026-09-04
L-8,L,8,open,,,,,0,,paper,import 2026-09-04,2026-09-04
L-9,L,9,open,,,,,0,,paper,import 2026-09-04,2026-09-04
L-10,L,10,open,,,,,0,,paper,import 2026-09-04,2026-09-04
L-11,L,11,open,,,,,0,,paper,import 2026-09-04,2026-09-04
L-12,L,12,open,,,,,0,,paper,import 2026-09-04,2026-09-04
L-13,L,13,open,,,,,0,,paper,import 2026-09-04,2026-09-04
L-14,L,14,open,,,,,0,,paper,import 2026-09-04,2026-09-04
L-15,L,15,open,,,,,0,,paper,import 2026-09-04,2026-09-04
L-16,L,16,open,,,,,0,,paper,import 2026-09-04,2026-09-04
L-17,L,17,open,,,,,0,,paper,import 2026-09-04,2026-09-04
L-18,L,18,open,,,,,0,,paper,import 2026-09-04,2026-09-04
L-19,L,19,open,,,,,0,,paper,import 2026-09-04,2026-09-04
L-20,L,20,open,,,,,0,,paper,import 2026-09-04,2026-09-04
L-21,L,21,occupied,,,,,1,,paper,import 2026-09-04,2026-09-04
L-22,L,22,occupied,,,,,1,,paper,import 2026-09-04,2026-09-04
L-23,L,23,occupied,,,,,1,,paper,import 2026-09-04,2026-09-04
L-24,L,24,occupied,,,,,1,,paper,import 2026-09-04,2026-09-04
L-25,L,25,occupied,,,,,1,,paper,import 2026-09-04,2026-09-04
L-26,L,26,open,,,,,0,,paper,import 2026-09-04,2026-09-04
L-27,L,27,open,,,,,0,,paper,import 2026-09-04,2026-09-04
L-28,L,28,open,,,,,0,,paper,import 2026-09-04,2026-09-04
L-29,L,29,open,,,,,0,,paper,import 2026-09-04,2026-09-04
L-30,L,30,open,,,,,0,,paper,import 2026-09-04,2026-09-04
L-31,L,31,open,,,,,0,,paper,import 2026-09-04,2026-09-04
L-32,L,32,open,,,,,0,,paper,import 2026-09-04,2026-09-04
L-33,L,33,open,,,,,0,,paper,import 2026-09-04,2026-09-04
L-34,L,34,open,,,,,0,,paper,import 2026-09-04,2026-09-04
L-35,L,35,open,,,,,0,,paper,import 2026-09-04,2026-09-04
L-36,L,36,open,,,,,0,,paper,import 2026-09-04,2026-09-04
L-37,L,37,open,,,,,0,,paper,import 2026-09-04,2026-09-04
L-38,L,38,open,,,,,0,,paper,import 2026-09-04,2026-09-04
L-39,L,39,open,,,,,0,,paper,import 2026-09-04,2026-09-04
L-40,L,40,open,,,,,0,,paper,import 2026-09-04,2026-09-04
L-41,L,41,open,,,,,0,,paper,import 2026-09-04,2026-09-04
L-42,L,42,open,,,,,0,,paper,import 2026-09-04,2026-09-04
L-43,L,43,open,,,,,0,,paper,import 2026-09-04,2026-09-04
L-44,L,44,open,,,,,0,,paper,import 2026-09-04,2026-09-04
L-45,L,45,open,,,,,0,,paper,import 2026-09-04,2026-09-04
L-46,L,46,open,,,,,0,,paper,import 2026-09-04,2026-09-04
L-47,L,47,open,,,,,0,,paper,import 2026-09-04,2026-09-04
L-48,L,48,open,,,,,0,,paper,import 2026-09-04,2026-09-04
L-49,L,49,open,,,,,0,,paper,import 2026-09-04,2026-09-04
L-50,L,50,open,,,,,0,,paper,import 2026-09-04,2026-09-04
L-51,L,51,open,,,,,0,,paper,import 2026-09-04,2026-09-04
L-52,L,52,open,,,,,0,,paper,import 2026-09-04,2026-09-04
L-53,L,53,open,,,,,0,,paper,import 2026-09-04,2026-09-04
L-54,L,54,open,,,,,0,,paper,import 2026-09-04,2026-09-04
L-55,L,55,open,,,,,0,,paper,import 2026-09-04,2026-09-04
L-56,L,56,open,,,,,0,,paper,import 2026-09-04,2026-09-04
L-57,L,57,open,,,,,0,,paper,import 2026-09-04,2026-09-04
L-58,L,58,open,,,,,0,,paper,import 2026-09-04,2026-09-04
L-59,L,59,open,,,,,0,,paper,import 2026-09-04,2026-09-04
L-60,L,60,open,,,,,0,,paper,import 2026-09-04,2026-09-04
L-61,L,61,open,,,,,0,,paper,import 2026-09-04,2026-09-04
L-62,L,62,open,,,,,0,,paper,import 2026-09-04,2026-09-04
L-63,L,63,open,,,,,0,,paper,import 2026-09-04,2026-09-04
L-64,L,64,open,,,,,0,,paper,import 2026-09-04,2026-09-04
L-65,L,65,open,,,,,0,,paper,import 2026-09-04,2026-09-04
L-66,L,66,open,,,,,0,,paper,import 2026-09-04,2026-09-04
L-67,L,67,open,,,,,0,,paper,import 2026-09-04,2026-09-04
L-68,L,68,open,,,,,0,,paper,import 2026-09-04,2026-09-04
L-69,L,69,open,,,,,0,,paper,import 2026-09-04,2026-09-04
L-70,L,70,open,,,,,0,,paper,import 2026-09-04,2026-09-04
L-71,L,71,open,,,,,0,,paper,import 2026-09-04,2026-09-04
L-72,L,72,open,,,,,0,,paper,import 2026-09-04,2026-09-04
L-73,L,73,open,,,,,0,,paper,import 2026-09-04,2026-09-04
L-74,L,74,open,,,,,0,,paper,import 2026-09-04,2026-09-04
L-75,L,75,open,,,,,0,,paper,import 2026-09-04,2026-09-04
L-76,L,76,open,,,,,0,,paper,import 2026-09-04,2026-09-04
L-77,L,77,open,,,,,0,,paper,import 2026-09-04,2026-09-04
L-78,L,78,open,,,,,0,,paper,import 2026-09-04,2026-09-04
L-79,L,79,open,,,,,0,,paper,import 2026-09-04,2026-09-04
L-80,L,80,open,,,,,0,,paper,import 2026-09-04,2026-09-04
M-1,M,1,open,,,,,0,,paper,import 2026-09-04,2026-09-04
M-2,M,2,open,,,,,0,,paper,import 2026-09-04,2026-09-04
M-3,M,3,open,,,,,0,,paper,import 2026-09-04,2026-09-04
M-4,M,4,open,,,,,0,,paper,import 2026-09-04,2026-09-04
M-5,M,5,open,,,,,0,,paper,import 2026-09-04,2026-09-04
M-6,M,6,open,,,,,0,,paper,import 2026-09-04,2026-09-04
M-7,M,7,open,,,,,0,,paper,import 2026-09-04,2026-09-04
M-8,M,8,open,,,,,0,,paper,import 2026-09-04,2026-09-04
M-9,M,9,open,,,,,0,,paper,import 2026-09-04,2026-09-04
M-10,M,10,open,,,,,0,,paper,import 2026-09-04,2026-09-04
M-11,M,11,open,,,,,0,,paper,import 2026-09-04,2026-09-04
M-12,M,12,open,,,,,0,,paper,import 2026-09-04,2026-09-04
M-13,M,13,open,,,,,0,,paper,import 2026-09-04,2026-09-04
M-14,M,14,open,,,,,0,,paper,import 2026-09-04,2026-09-04
M-15,M,15,open,,,,,0,,paper,import 2026-09-04,2026-09-04
M-16,M,16,open,,,,,0,,paper,import 2026-09-04,2026-09-04
M-17,M,17,open,,,,,0,,paper,import 2026-09-04,2026-09-04
M-18,M,18,open,,,,,0,,paper,import 2026-09-04,2026-09-04
M-19,M,19,open,,,,,0,,paper,import 2026-09-04,2026-09-04
M-20,M,20,open,,,,,0,,paper,import 2026-09-04,2026-09-04
M-21,M,21,occupied,,,,,1,,paper,import 2026-09-04,2026-09-04
M-22,M,22,occupied,,,,,1,,paper,import 2026-09-04,2026-09-04
M-23,M,23,occupied,,,,,1,,paper,import 2026-09-04,2026-09-04
M-24,M,24,occupied,,,,,1,,paper,import 2026-09-04,2026-09-04
M-25,M,25,open,,,,,0,,paper,import 2026-09-04,2026-09-04
M-26,M,26,open,,,,,0,,paper,import 2026-09-04,2026-09-04
M-27,M,27,open,,,,,0,,paper,import 2026-09-04,2026-09-04
M-28,M,28,open,,,,,0,,paper,import 2026-09-04,2026-09-04
M-29,M,29,open,,,,,0,,paper,import 2026-09-04,2026-09-04
M-30,M,30,open,,,,,0,,paper,import 2026-09-04,2026-09-04
M-31,M,31,open,,,,,0,,paper,import 2026-09-04,2026-09-04
M-32,M,32,open,,,,,0,,paper,import 2026-09-04,2026-09-04
M-33,M,33,open,,,,,0,,paper,import 2026-09-04,2026-09-04
M-34,M,34,open,,,,,0,,paper,import 2026-09-04,2026-09-04
M-35,M,35,open,,,,,0,,paper,import 2026-09-04,2026-09-04
M-36,M,36,open,,,,,0,,paper,import 2026-09-04,2026-09-04
M-37,M,37,open,,,,,0,,paper,import 2026-09-04,2026-09-04
M-38,M,38,open,,,,,0,,paper,import 2026-09-04,2026-09-04
M-39,M,39,open,,,,,0,,paper,import 2026-09-04,2026-09-04
M-40,M,40,open,,,,,0,,paper,import 2026-09-04,2026-09-04
M-41,M,41,open,,,,,0,,paper,import 2026-09-04,2026-09-04
M-42,M,42,open,,,,,0,,paper,import 2026-09-04,2026-09-04
M-43,M,43,open,,,,,0,,paper,import 2026-09-04,2026-09-04
M-44,M,44,open,,,,,0,,paper,import 2026-09-04,2026-09-04
M-45,M,45,open,,,,,0,,paper,import 2026-09-04,2026-09-04
M-46,M,46,open,,,,,0,,paper,import 2026-09-04,2026-09-04
M-47,M,47,open,,,,,0,,paper,import 2026-09-04,2026-09-04
M-48,M,48,open,,,,,0,,paper,import 2026-09-04,2026-09-04
M-49,M,49,open,,,,,0,,paper,import 2026-09-04,2026-09-04
M-50,M,50,open,,,,,0,,paper,import 2026-09-04,2026-09-04
M-51,M,51,open,,,,,0,,paper,import 2026-09-04,2026-09-04
M-52,M,52,open,,,,,0,,paper,import 2026-09-04,2026-09-04
M-53,M,53,open,,,,,0,,paper,import 2026-09-04,2026-09-04
M-54,M,54,open,,,,,0,,paper,import 2026-09-04,2026-09-04
M-55,M,55,open,,,,,0,,paper,import 2026-09-04,2026-09-04
M-56,M,56,open,,,,,0,,paper,import 2026-09-04,2026-09-04
M-57,M,57,open,,,,,0,,paper,import 2026-09-04,2026-09-04
M-58,M,58,open,,,,,0,,paper,import 2026-09-04,2026-09-04
M-59,M,59,open,,,,,0,,paper,import 2026-09-04,2026-09-04
M-60,M,60,open,,,,,0,,paper,import 2026-09-04,2026-09-04
M-61,M,61,open,,,,,0,,paper,import 2026-09-04,2026-09-04
M-62,M,62,open,,,,,0,,paper,import 2026-09-04,2026-09-04
M-63,M,63,open,,,,,0,,paper,import 2026-09-04,2026-09-04
M-64,M,64,open,,,,,0,,paper,import 2026-09-04,2026-09-04
M-65,M,65,open,,,,,0,,paper,import 2026-09-04,2026-09-04
M-66,M,66,open,,,,,0,,paper,import 2026-09-04,2026-09-04
M-67,M,67,open,,,,,0,,paper,import 2026-09-04,2026-09-04
M-68,M,68,open,,,,,0,,paper,import 2026-09-04,2026-09-04
M-69,M,69,open,,,,,0,,paper,import 2026-09-04,2026-09-04
M-70,M,70,open,,,,,0,,paper,import 2026-09-04,2026-09-04
M-71,M,71,open,,,,,0,,paper,import 2026-09-04,2026-09-04
M-72,M,72,open,,,,,0,,paper,import 2026-09-04,2026-09-04
M-73,M,73,open,,,,,0,,paper,import 2026-09-04,2026-09-04
M-74,M,74,open,,,,,0,,paper,import 2026-09-04,2026-09-04
M-75,M,75,open,,,,,0,,paper,import 2026-09-04,2026-09-04
M-76,M,76,open,,,,,0,,paper,import 2026-09-04,2026-09-04
M-77,M,77,open,,,,,0,,paper,import 2026-09-04,2026-09-04
M-78,M,78,open,,,,,0,,paper,import 2026-09-04,2026-09-04
M-79,M,79,open,,,,,0,,paper,import 2026-09-04,2026-09-04
M-80,M,80,open,,,,,0,,paper,import 2026-09-04,2026-09-04
N-1,N,1,open,,,,,0,,paper,import 2026-09-04,2026-09-04
N-2,N,2,open,,,,,0,,paper,import 2026-09-04,2026-09-04
N-3,N,3,open,,,,,0,,paper,import 2026-09-04,2026-09-04
N-4,N,4,open,,,,,0,,paper,import 2026-09-04,2026-09-04
N-5,N,5,open,,,,,0,,paper,import 2026-09-04,2026-09-04
N-6,N,6,open,,,,,0,,paper,import 2026-09-04,2026-09-04
N-7,N,7,open,,,,,0,,paper,import 2026-09-04,2026-09-04
N-8,N,8,open,,,,,0,,paper,import 2026-09-04,2026-09-04
N-9,N,9,open,,,,,0,,paper,import 2026-09-04,2026-09-04
N-10,N,10,open,,,,,0,,paper,import 2026-09-04,2026-09-04
N-11,N,11,open,,,,,0,,paper,import 2026-09-04,2026-09-04
N-12,N,12,open,,,,,0,,paper,import 2026-09-04,2026-09-04
N-13,N,13,open,,,,,0,,paper,import 2026-09-04,2026-09-04
N-14,N,14,open,,,,,0,,paper,import 2026-09-04,2026-09-04
N-15,N,15,open,,,,,0,,paper,import 2026-09-04,2026-09-04
N-16,N,16,open,,,,,0,,paper,import 2026-09-04,2026-09-04
N-17,N,17,open,,,,,0,,paper,import 2026-09-04,2026-09-04
N-18,N,18,open,,,,,0,,paper,import 2026-09-04,2026-09-04
N-19,N,19,open,,,,,0,,paper,import 2026-09-04,2026-09-04
N-20,N,20,occupied,,,,,1,,paper,import 2026-09-04,2026-09-04
N-21,N,21,unusable,,,,,0,paper mark: TREE (7 1/2 ft by 2 1/2 ft),paper,import 2026-09-04,2026-09-04
N-22,N,22,occupied,,,,,1,,paper,import 2026-09-04,2026-09-04
N-23,N,23,occupied,,,,,1,,paper,import 2026-09-04,2026-09-04
N-24,N,24,occupied,Karol A Goin Chernich,2019,150,Ck 364,1,in Plots Sold ledger,paper,import 2026-09-04,2026-09-04
N-25,N,25,occupied,Joan G Bartholomew,2019,150,Ck 448,1,in Plots Sold ledger,paper,import 2026-09-04,2026-09-04
N-26,N,26,open,,,,,0,,paper,import 2026-09-04,2026-09-04
N-27,N,27,open,,,,,0,,paper,import 2026-09-04,2026-09-04
N-28,N,28,open,,,,,0,,paper,import 2026-09-04,2026-09-04
N-29,N,29,open,,,,,0,,paper,import 2026-09-04,2026-09-04
N-30,N,30,open,,,,,0,,paper,import 2026-09-04,2026-09-04
N-31,N,31,open,,,,,0,,paper,import 2026-09-04,2026-09-04
N-32,N,32,open,,,,,0,,paper,import 2026-09-04,2026-09-04
N-33,N,33,open,,,,,0,,paper,import 2026-09-04,2026-09-04
N-34,N,34,open,,,,,0,,paper,import 2026-09-04,2026-09-04
N-35,N,35,open,,,,,0,,paper,import 2026-09-04,2026-09-04
N-36,N,36,open,,,,,0,,paper,import 2026-09-04,2026-09-04
N-37,N,37,open,,,,,0,,paper,import 2026-09-04,2026-09-04
N-38,N,38,open,,,,,0,,paper,import 2026-09-04,2026-09-04
N-39,N,39,open,,,,,0,,paper,import 2026-09-04,2026-09-04
N-40,N,40,open,,,,,0,,paper,import 2026-09-04,2026-09-04
N-41,N,41,open,,,,,0,,paper,import 2026-09-04,2026-09-04
N-42,N,42,open,,,,,0,,paper,import 2026-09-04,2026-09-04
N-43,N,43,open,,,,,0,,paper,import 2026-09-04,2026-09-04
N-44,N,44,open,,,,,0,,paper,import 2026-09-04,2026-09-04
N-45,N,45,open,,,,,0,,paper,import 2026-09-04,2026-09-04
N-46,N,46,open,,,,,0,,paper,import 2026-09-04,2026-09-04
N-47,N,47,open,,,,,0,,paper,import 2026-09-04,2026-09-04
N-48,N,48,open,,,,,0,,paper,import 2026-09-04,2026-09-04
N-49,N,49,open,,,,,0,,paper,import 2026-09-04,2026-09-04
N-50,N,50,open,,,,,0,,paper,import 2026-09-04,2026-09-04
N-51,N,51,open,,,,,0,,paper,import 2026-09-04,2026-09-04
N-52,N,52,open,,,,,0,,paper,import 2026-09-04,2026-09-04
N-53,N,53,open,,,,,0,,paper,import 2026-09-04,2026-09-04
N-54,N,54,open,,,,,0,,paper,import 2026-09-04,2026-09-04
N-55,N,55,open,,,,,0,,paper,import 2026-09-04,2026-09-04
N-56,N,56,open,,,,,0,,paper,import 2026-09-04,2026-09-04
N-57,N,57,open,,,,,0,,paper,import 2026-09-04,2026-09-04
N-58,N,58,open,,,,,0,,paper,import 2026-09-04,2026-09-04
N-59,N,59,open,,,,,0,,paper,import 2026-09-04,2026-09-04
N-60,N,60,open,,,,,0,,paper,import 2026-09-04,2026-09-04
N-61,N,61,unusable,,,,,0,paper mark: TREE (7 1/2 ft by 2 1/2 ft),paper,import 2026-09-04,2026-09-04
N-62,N,62,open,,,,,0,,paper,import 2026-09-04,2026-09-04
N-63,N,63,open,,,,,0,,paper,import 2026-09-04,2026-09-04
N-64,N,64,open,,,,,0,,paper,import 2026-09-04,2026-09-04
N-65,N,65,open,,,,,0,,paper,import 2026-09-04,2026-09-04
N-66,N,66,open,,,,,0,,paper,import 2026-09-04,2026-09-04
N-67,N,67,open,,,,,0,,paper,import 2026-09-04,2026-09-04
N-68,N,68,open,,,,,0,,paper,import 2026-09-04,2026-09-04
N-69,N,69,open,,,,,0,,paper,import 2026-09-04,2026-09-04
N-70,N,70,open,,,,,0,,paper,import 2026-09-04,2026-09-04
N-71,N,71,open,,,,,0,,paper,import 2026-09-04,2026-09-04
N-72,N,72,open,,,,,0,,paper,import 2026-09-04,2026-09-04
N-73,N,73,open,,,,,0,,paper,import 2026-09-04,2026-09-04
N-74,N,74,open,,,,,0,,paper,import 2026-09-04,2026-09-04
N-75,N,75,open,,,,,0,,paper,import 2026-09-04,2026-09-04
N-76,N,76,open,,,,,0,,paper,import 2026-09-04,2026-09-04
N-77,N,77,open,,,,,0,,paper,import 2026-09-04,2026-09-04
N-78,N,78,open,,,,,0,,paper,import 2026-09-04,2026-09-04
N-79,N,79,open,,,,,0,,paper,import 2026-09-04,2026-09-04
N-80,N,80,open,,,,,0,,paper,import 2026-09-04,2026-09-04
O-1,O,1,occupied,Ted & Sharon Frauenhoffer,2015,150,,1,in Plots Sold ledger,paper,import 2026-09-04,2026-09-04
O-2,O,2,occupied,Ted & Sharon Frauenhoffer,2015,150,,1,in Plots Sold ledger,paper,import 2026-09-04,2026-09-04
O-3,O,3,open,,,,,0,,paper,import 2026-09-04,2026-09-04
O-4,O,4,open,,,,,0,,paper,import 2026-09-04,2026-09-04
O-5,O,5,open,,,,,0,,paper,import 2026-09-04,2026-09-04
O-6,O,6,open,,,,,0,,paper,import 2026-09-04,2026-09-04
O-7,O,7,open,,,,,0,,paper,import 2026-09-04,2026-09-04
O-8,O,8,open,,,,,0,,paper,import 2026-09-04,2026-09-04
O-9,O,9,open,,,,,0,,paper,import 2026-09-04,2026-09-04
O-10,O,10,open,,,,,0,,paper,import 2026-09-04,2026-09-04
O-11,O,11,open,,,,,0,,paper,import 2026-09-04,2026-09-04
O-12,O,12,open,,,,,0,,paper,import 2026-09-04,2026-09-04
O-13,O,13,open,,,,,0,,paper,import 2026-09-04,2026-09-04
O-14,O,14,open,,,,,0,,paper,import 2026-09-04,2026-09-04
O-15,O,15,open,,,,,0,,paper,import 2026-09-04,2026-09-04
O-16,O,16,open,,,,,0,,paper,import 2026-09-04,2026-09-04
O-17,O,17,open,,,,,0,,paper,import 2026-09-04,2026-09-04
O-18,O,18,open,,,,,0,,paper,import 2026-09-04,2026-09-04
O-19,O,19,open,,,,,0,,paper,import 2026-09-04,2026-09-04
O-20,O,20,sold,Randy Hoeflicker,2019,150,Ck 1505,0,paper mark: mark; in Plots Sold ledger,paper,import 2026-09-04,2026-09-04
O-21,O,21,occupied,Randy Hoeflicker,2019,150,Ck 1505,1,in Plots Sold ledger,paper,import 2026-09-04,2026-09-04
O-22,O,22,occupied,,,,,1,,paper,import 2026-09-04,2026-09-04
O-23,O,23,open,,,,,0,,paper,import 2026-09-04,2026-09-04
O-24,O,24,open,,,,,0,,paper,import 2026-09-04,2026-09-04
O-25,O,25,occupied,Raymond & Nancy Thompson,2018,150,Ck 4422,1,in Plots Sold ledger,paper,import 2026-09-04,2026-09-04
O-26,O,26,occupied,Raymond & Nancy Thompson,2018,150,Ck 4422,1,in Plots Sold ledger,paper,import 2026-09-04,2026-09-04
O-27,O,27,open,,,,,0,,paper,import 2026-09-04,2026-09-04
O-28,O,28,open,,,,,0,,paper,import 2026-09-04,2026-09-04
O-29,O,29,open,,,,,0,,paper,import 2026-09-04,2026-09-04
O-30,O,30,open,,,,,0,,paper,import 2026-09-04,2026-09-04
O-31,O,31,open,,,,,0,,paper,import 2026-09-04,2026-09-04
O-32,O,32,open,,,,,0,,paper,import 2026-09-04,2026-09-04
O-33,O,33,open,,,,,0,,paper,import 2026-09-04,2026-09-04
O-34,O,34,open,,,,,0,,paper,import 2026-09-04,2026-09-04
O-35,O,35,open,,,,,0,,paper,import 2026-09-04,2026-09-04
O-36,O,36,open,,,,,0,,paper,import 2026-09-04,2026-09-04
O-37,O,37,open,,,,,0,,paper,import 2026-09-04,2026-09-04
O-38,O,38,open,,,,,0,,paper,import 2026-09-04,2026-09-04
O-39,O,39,open,,,,,0,,paper,import 2026-09-04,2026-09-04
O-40,O,40,open,,,,,0,,paper,import 2026-09-04,2026-09-04
O-41,O,41,open,,,,,0,,paper,import 2026-09-04,2026-09-04
O-42,O,42,open,,,,,0,,paper,import 2026-09-04,2026-09-04
O-43,O,43,open,,,,,0,,paper,import 2026-09-04,2026-09-04
O-44,O,44,open,,,,,0,,paper,import 2026-09-04,2026-09-04
O-45,O,45,open,,,,,0,,paper,import 2026-09-04,2026-09-04
O-46,O,46,open,,,,,0,,paper,import 2026-09-04,2026-09-04
O-47,O,47,open,,,,,0,,paper,import 2026-09-04,2026-09-04
O-48,O,48,open,,,,,0,,paper,import 2026-09-04,2026-09-04
O-49,O,49,open,,,,,0,,paper,import 2026-09-04,2026-09-04
O-50,O,50,open,,,,,0,,paper,import 2026-09-04,2026-09-04
O-51,O,51,open,,,,,0,,paper,import 2026-09-04,2026-09-04
O-52,O,52,open,,,,,0,,paper,import 2026-09-04,2026-09-04
O-53,O,53,open,,,,,0,,paper,import 2026-09-04,2026-09-04
O-54,O,54,open,,,,,0,,paper,import 2026-09-04,2026-09-04
O-55,O,55,open,,,,,0,,paper,import 2026-09-04,2026-09-04
O-56,O,56,open,,,,,0,,paper,import 2026-09-04,2026-09-04
O-57,O,57,open,,,,,0,,paper,import 2026-09-04,2026-09-04
O-58,O,58,open,,,,,0,,paper,import 2026-09-04,2026-09-04
O-59,O,59,open,,,,,0,,paper,import 2026-09-04,2026-09-04
O-60,O,60,open,,,,,0,,paper,import 2026-09-04,2026-09-04
O-61,O,61,open,,,,,0,,paper,import 2026-09-04,2026-09-04
O-62,O,62,open,,,,,0,,paper,import 2026-09-04,2026-09-04
O-63,O,63,open,,,,,0,,paper,import 2026-09-04,2026-09-04
O-64,O,64,open,,,,,0,,paper,import 2026-09-04,2026-09-04
O-65,O,65,open,,,,,0,,paper,import 2026-09-04,2026-09-04
O-66,O,66,open,,,,,0,,paper,import 2026-09-04,2026-09-04
O-67,O,67,open,,,,,0,,paper,import 2026-09-04,2026-09-04
O-68,O,68,open,,,,,0,,paper,import 2026-09-04,2026-09-04
O-69,O,69,open,,,,,0,,paper,import 2026-09-04,2026-09-04
O-70,O,70,open,,,,,0,,paper,import 2026-09-04,2026-09-04
O-71,O,71,open,,,,,0,,paper,import 2026-09-04,2026-09-04
O-72,O,72,open,,,,,0,,paper,import 2026-09-04,2026-09-04
O-73,O,73,open,,,,,0,,paper,import 2026-09-04,2026-09-04
O-74,O,74,open,,,,,0,,paper,import 2026-09-04,2026-09-04
O-75,O,75,open,,,,,0,,paper,import 2026-09-04,2026-09-04
O-76,O,76,open,,,,,0,,paper,import 2026-09-04,2026-09-04
O-77,O,77,open,,,,,0,,paper,import 2026-09-04,2026-09-04
O-78,O,78,open,,,,,0,,paper,import 2026-09-04,2026-09-04
O-79,O,79,open,,,,,0,,paper,import 2026-09-04,2026-09-04
O-80,O,80,open,,,,,0,,paper,import 2026-09-04,2026-09-04
P-1,P,1,occupied,James & Jane Ann Weeks,2012,100,,1,in Plots Sold ledger,paper,import 2026-09-04,2026-09-04
P-2,P,2,occupied,James & Jane Ann Weeks,2012,100,,1,in Plots Sold ledger,paper,import 2026-09-04,2026-09-04
P-3,P,3,occupied,James & Jane Ann Weeks,2012,100,,1,in Plots Sold ledger,paper,import 2026-09-04,2026-09-04
P-4,P,4,occupied,James & Jane Ann Weeks,2012,100,,1,in Plots Sold ledger,paper,import 2026-09-04,2026-09-04
P-5,P,5,open,,,,,0,,paper,import 2026-09-04,2026-09-04
P-6,P,6,open,,,,,0,,paper,import 2026-09-04,2026-09-04
P-7,P,7,open,,,,,0,,paper,import 2026-09-04,2026-09-04
P-8,P,8,open,,,,,0,,paper,import 2026-09-04,2026-09-04
P-9,P,9,open,,,,,0,,paper,import 2026-09-04,2026-09-04
P-10,P,10,open,,,,,0,,paper,import 2026-09-04,2026-09-04
P-11,P,11,open,,,,,0,,paper,import 2026-09-04,2026-09-04
P-12,P,12,open,,,,,0,,paper,import 2026-09-04,2026-09-04
P-13,P,13,open,,,,,0,,paper,import 2026-09-04,2026-09-04
P-14,P,14,open,,,,,0,,paper,import 2026-09-04,2026-09-04
P-15,P,15,open,,,,,0,,paper,import 2026-09-04,2026-09-04
P-16,P,16,open,,,,,0,,paper,import 2026-09-04,2026-09-04
P-17,P,17,open,,,,,0,,paper,import 2026-09-04,2026-09-04
P-18,P,18,open,,,,,0,,paper,import 2026-09-04,2026-09-04
P-19,P,19,open,,,,,0,,paper,import 2026-09-04,2026-09-04
P-20,P,20,open,,,,,0,,paper,import 2026-09-04,2026-09-04
P-21,P,21,unusable,,,,,0,"paper mark: X - PRIESTS OR NUNS - STATUE (reserved area, not a burial)",paper,import 2026-09-04,2026-09-04
P-22,P,22,open,,,,,0,,paper,import 2026-09-04,2026-09-04
P-23,P,23,open,,,,,0,,paper,import 2026-09-04,2026-09-04
P-24,P,24,open,,,,,0,,paper,import 2026-09-04,2026-09-04
P-25,P,25,occupied,Rich Whitney,2015,150,,2,in Plots Sold ledger,paper,import 2026-09-04,2026-09-04
P-26,P,26,occupied,Rich Whitney,2015,150,,1,in Plots Sold ledger,paper,import 2026-09-04,2026-09-04
P-27,P,27,sold,Rich Whitney,2015,150,,0,paper mark: mark; in Plots Sold ledger,paper,import 2026-09-04,2026-09-04
P-28,P,28,sold,Rich Whitney,2015,150,,0,paper mark: mark; in Plots Sold ledger,paper,import 2026-09-04,2026-09-04
P-29,P,29,sold,Rich Whitney,2015,150,,0,paper mark: mark; in Plots Sold ledger,paper,import 2026-09-04,2026-09-04
P-30,P,30,occupied,Rich Whitney,2015,150,,1,in Plots Sold ledger,paper,import 2026-09-04,2026-09-04
P-31,P,31,open,,,,,0,,paper,import 2026-09-04,2026-09-04
P-32,P,32,open,,,,,0,,paper,import 2026-09-04,2026-09-04
P-33,P,33,open,,,,,0,,paper,import 2026-09-04,2026-09-04
P-34,P,34,open,,,,,0,,paper,import 2026-09-04,2026-09-04
P-35,P,35,open,,,,,0,,paper,import 2026-09-04,2026-09-04
P-36,P,36,open,,,,,0,,paper,import 2026-09-04,2026-09-04
P-37,P,37,open,,,,,0,,paper,import 2026-09-04,2026-09-04
P-38,P,38,open,,,,,0,,paper,import 2026-09-04,2026-09-04
P-39,P,39,open,,,,,0,,paper,import 2026-09-04,2026-09-04
P-40,P,40,open,,,,,0,,paper,import 2026-09-04,2026-09-04
P-41,P,41,open,,,,,0,,paper,import 2026-09-04,2026-09-04
P-42,P,42,open,,,,,0,,paper,import 2026-09-04,2026-09-04
P-43,P,43,open,,,,,0,,paper,import 2026-09-04,2026-09-04
P-44,P,44,open,,,,,0,,paper,import 2026-09-04,2026-09-04
P-45,P,45,open,,,,,0,,paper,import 2026-09-04,2026-09-04
P-46,P,46,open,,,,,0,,paper,import 2026-09-04,2026-09-04
P-47,P,47,open,,,,,0,,paper,import 2026-09-04,2026-09-04
P-48,P,48,open,,,,,0,,paper,import 2026-09-04,2026-09-04
P-49,P,49,open,,,,,0,,paper,import 2026-09-04,2026-09-04
P-50,P,50,open,,,,,0,,paper,import 2026-09-04,2026-09-04
P-51,P,51,open,,,,,0,,paper,import 2026-09-04,2026-09-04
P-52,P,52,open,,,,,0,,paper,import 2026-09-04,2026-09-04
P-53,P,53,open,,,,,0,,paper,import 2026-09-04,2026-09-04
P-54,P,54,open,,,,,0,,paper,import 2026-09-04,2026-09-04
P-55,P,55,open,,,,,0,,paper,import 2026-09-04,2026-09-04
P-56,P,56,open,,,,,0,,paper,import 2026-09-04,2026-09-04
P-57,P,57,open,,,,,0,,paper,import 2026-09-04,2026-09-04
P-58,P,58,open,,,,,0,,paper,import 2026-09-04,2026-09-04
P-59,P,59,open,,,,,0,,paper,import 2026-09-04,2026-09-04
P-60,P,60,open,,,,,0,,paper,import 2026-09-04,2026-09-04
P-61,P,61,open,,,,,0,,paper,import 2026-09-04,2026-09-04
P-62,P,62,open,,,,,0,,paper,import 2026-09-04,2026-09-04
P-63,P,63,open,,,,,0,,paper,import 2026-09-04,2026-09-04
P-64,P,64,open,,,,,0,,paper,import 2026-09-04,2026-09-04
P-65,P,65,open,,,,,0,,paper,import 2026-09-04,2026-09-04
P-66,P,66,open,,,,,0,,paper,import 2026-09-04,2026-09-04
P-67,P,67,open,,,,,0,,paper,import 2026-09-04,2026-09-04
P-68,P,68,open,,,,,0,,paper,import 2026-09-04,2026-09-04
P-69,P,69,open,,,,,0,,paper,import 2026-09-04,2026-09-04
P-70,P,70,open,,,,,0,,paper,import 2026-09-04,2026-09-04
P-71,P,71,open,,,,,0,,paper,import 2026-09-04,2026-09-04
P-72,P,72,open,,,,,0,,paper,import 2026-09-04,2026-09-04
P-73,P,73,open,,,,,0,,paper,import 2026-09-04,2026-09-04
P-74,P,74,open,,,,,0,,paper,import 2026-09-04,2026-09-04
P-75,P,75,open,,,,,0,,paper,import 2026-09-04,2026-09-04
P-76,P,76,open,,,,,0,,paper,import 2026-09-04,2026-09-04
P-77,P,77,open,,,,,0,,paper,import 2026-09-04,2026-09-04
P-78,P,78,open,,,,,0,,paper,import 2026-09-04,2026-09-04
P-79,P,79,open,,,,,0,,paper,import 2026-09-04,2026-09-04
P-80,P,80,open,,,,,0,,paper,import 2026-09-04,2026-09-04
Q-1,Q,1,open,,,,,0,,paper,import 2026-09-04,2026-09-04
Q-2,Q,2,open,,,,,0,,paper,import 2026-09-04,2026-09-04
Q-3,Q,3,open,,,,,0,,paper,import 2026-09-04,2026-09-04
Q-4,Q,4,open,,,,,0,,paper,import 2026-09-04,2026-09-04
Q-5,Q,5,open,,,,,0,,paper,import 2026-09-04,2026-09-04
Q-6,Q,6,open,,,,,0,,paper,import 2026-09-04,2026-09-04
Q-7,Q,7,open,,,,,0,,paper,import 2026-09-04,2026-09-04
Q-8,Q,8,open,,,,,0,,paper,import 2026-09-04,2026-09-04
Q-9,Q,9,open,,,,,0,,paper,import 2026-09-04,2026-09-04
Q-10,Q,10,open,,,,,0,,paper,import 2026-09-04,2026-09-04
Q-11,Q,11,open,,,,,0,,paper,import 2026-09-04,2026-09-04
Q-12,Q,12,open,,,,,0,,paper,import 2026-09-04,2026-09-04
Q-13,Q,13,open,,,,,0,,paper,import 2026-09-04,2026-09-04
Q-14,Q,14,open,,,,,0,,paper,import 2026-09-04,2026-09-04
Q-15,Q,15,open,,,,,0,,paper,import 2026-09-04,2026-09-04
Q-16,Q,16,open,,,,,0,,paper,import 2026-09-04,2026-09-04
Q-17,Q,17,open,,,,,0,,paper,import 2026-09-04,2026-09-04
Q-18,Q,18,open,,,,,0,,paper,import 2026-09-04,2026-09-04
Q-19,Q,19,open,,,,,0,,paper,import 2026-09-04,2026-09-04
Q-20,Q,20,open,,,,,0,,paper,import 2026-09-04,2026-09-04
Q-21,Q,21,open,,,,,0,,paper,import 2026-09-04,2026-09-04
Q-22,Q,22,open,,,,,0,,paper,import 2026-09-04,2026-09-04
Q-23,Q,23,open,,,,,0,,paper,import 2026-09-04,2026-09-04
Q-24,Q,24,open,,,,,0,,paper,import 2026-09-04,2026-09-04
Q-25,Q,25,occupied,Rich Whitney,2015,150,,1,in Plots Sold ledger,paper,import 2026-09-04,2026-09-04
Q-26,Q,26,sold,Rich Whitney,2015,150,,0,"paper mark: MARKER (small boxed note, not a name); in Plots Sold ledger",paper,import 2026-09-04,2026-09-04
Q-27,Q,27,sold,Rich Whitney,2015,150,,0,paper mark: mark; in Plots Sold ledger,paper,import 2026-09-04,2026-09-04
Q-28,Q,28,sold,Rich Whitney,2015,150,,0,paper mark: mark; in Plots Sold ledger,paper,import 2026-09-04,2026-09-04
Q-29,Q,29,sold,Rich Whitney,2015,150,,0,paper mark: mark; in Plots Sold ledger,paper,import 2026-09-04,2026-09-04
Q-30,Q,30,occupied,Rich Whitney,2015,150,,1,in Plots Sold ledger,paper,import 2026-09-04,2026-09-04
Q-31,Q,31,open,,,,,0,,paper,import 2026-09-04,2026-09-04
Q-32,Q,32,open,,,,,0,,paper,import 2026-09-04,2026-09-04
Q-33,Q,33,open,,,,,0,,paper,import 2026-09-04,2026-09-04
Q-34,Q,34,open,,,,,0,,paper,import 2026-09-04,2026-09-04
Q-35,Q,35,open,,,,,0,,paper,import 2026-09-04,2026-09-04
Q-36,Q,36,open,,,,,0,,paper,import 2026-09-04,2026-09-04
Q-37,Q,37,open,,,,,0,,paper,import 2026-09-04,2026-09-04
Q-38,Q,38,open,,,,,0,,paper,import 2026-09-04,2026-09-04
Q-39,Q,39,open,,,,,0,,paper,import 2026-09-04,2026-09-04
Q-40,Q,40,open,,,,,0,,paper,import 2026-09-04,2026-09-04
Q-41,Q,41,open,,,,,0,,paper,import 2026-09-04,2026-09-04
Q-42,Q,42,open,,,,,0,,paper,import 2026-09-04,2026-09-04
Q-43,Q,43,open,,,,,0,,paper,import 2026-09-04,2026-09-04
Q-44,Q,44,open,,,,,0,,paper,import 2026-09-04,2026-09-04
Q-45,Q,45,open,,,,,0,,paper,import 2026-09-04,2026-09-04
Q-46,Q,46,open,,,,,0,,paper,import 2026-09-04,2026-09-04
Q-47,Q,47,open,,,,,0,,paper,import 2026-09-04,2026-09-04
Q-48,Q,48,open,,,,,0,,paper,import 2026-09-04,2026-09-04
Q-49,Q,49,open,,,,,0,,paper,import 2026-09-04,2026-09-04
Q-50,Q,50,open,,,,,0,,paper,import 2026-09-04,2026-09-04
Q-51,Q,51,open,,,,,0,,paper,import 2026-09-04,2026-09-04
Q-52,Q,52,open,,,,,0,,paper,import 2026-09-04,2026-09-04
Q-53,Q,53,open,,,,,0,,paper,import 2026-09-04,2026-09-04
Q-54,Q,54,open,,,,,0,,paper,import 2026-09-04,2026-09-04
Q-55,Q,55,open,,,,,0,,paper,import 2026-09-04,2026-09-04
Q-56,Q,56,open,,,,,0,,paper,import 2026-09-04,2026-09-04
Q-57,Q,57,open,,,,,0,,paper,import 2026-09-04,2026-09-04
Q-58,Q,58,open,,,,,0,,paper,import 2026-09-04,2026-09-04
Q-59,Q,59,open,,,,,0,,paper,import 2026-09-04,2026-09-04
Q-60,Q,60,open,,,,,0,,paper,import 2026-09-04,2026-09-04
Q-61,Q,61,open,,,,,0,,paper,import 2026-09-04,2026-09-04
Q-62,Q,62,open,,,,,0,,paper,import 2026-09-04,2026-09-04
Q-63,Q,63,open,,,,,0,,paper,import 2026-09-04,2026-09-04
Q-64,Q,64,open,,,,,0,,paper,import 2026-09-04,2026-09-04
Q-65,Q,65,open,,,,,0,,paper,import 2026-09-04,2026-09-04
Q-66,Q,66,open,,,,,0,,paper,import 2026-09-04,2026-09-04
Q-67,Q,67,open,,,,,0,,paper,import 2026-09-04,2026-09-04
Q-68,Q,68,open,,,,,0,,paper,import 2026-09-04,2026-09-04
Q-69,Q,69,open,,,,,0,,paper,import 2026-09-04,2026-09-04
Q-70,Q,70,open,,,,,0,,paper,import 2026-09-04,2026-09-04
Q-71,Q,71,open,,,,,0,,paper,import 2026-09-04,2026-09-04
Q-72,Q,72,open,,,,,0,,paper,import 2026-09-04,2026-09-04
Q-73,Q,73,open,,,,,0,,paper,import 2026-09-04,2026-09-04
Q-74,Q,74,open,,,,,0,,paper,import 2026-09-04,2026-09-04
Q-75,Q,75,open,,,,,0,,paper,import 2026-09-04,2026-09-04
Q-76,Q,76,open,,,,,0,,paper,import 2026-09-04,2026-09-04
Q-77,Q,77,open,,,,,0,,paper,import 2026-09-04,2026-09-04
Q-78,Q,78,open,,,,,0,,paper,import 2026-09-04,2026-09-04
Q-79,Q,79,open,,,,,0,,paper,import 2026-09-04,2026-09-04
Q-80,Q,80,open,,,,,0,,paper,import 2026-09-04,2026-09-04
R-1,R,1,occupied,Richard Wagner,2023,250,Check 9393,1,in Plots Sold ledger,paper,import 2026-09-04,2026-09-04
R-2,R,2,occupied,Richard Wagner,2023,250,Check 9393,1,in Plots Sold ledger,paper,import 2026-09-04,2026-09-04
R-3,R,3,occupied,Richard Wagner,2023,250,Check 9393,1,in Plots Sold ledger,paper,import 2026-09-04,2026-09-04
R-4,R,4,occupied,Richard Wagner,2023,250,Check 9393,1,in Plots Sold ledger,paper,import 2026-09-04,2026-09-04
R-5,R,5,occupied,Laura Wagner Woodruff,2023,250,Check 9455,1,in Plots Sold ledger,paper,import 2026-09-04,2026-09-04
R-6,R,6,occupied,Laura Wagner Woodruff,2023,250,Check 9455,1,in Plots Sold ledger,paper,import 2026-09-04,2026-09-04
R-7,R,7,open,,,,,0,,paper,import 2026-09-04,2026-09-04
R-8,R,8,open,,,,,0,,paper,import 2026-09-04,2026-09-04
R-9,R,9,open,,,,,0,,paper,import 2026-09-04,2026-09-04
R-10,R,10,open,,,,,0,,paper,import 2026-09-04,2026-09-04
R-11,R,11,open,,,,,0,,paper,import 2026-09-04,2026-09-04
R-12,R,12,open,,,,,0,,paper,import 2026-09-04,2026-09-04
R-13,R,13,open,,,,,0,,paper,import 2026-09-04,2026-09-04
R-14,R,14,open,,,,,0,,paper,import 2026-09-04,2026-09-04
R-15,R,15,open,,,,,0,,paper,import 2026-09-04,2026-09-04
R-16,R,16,open,,,,,0,,paper,import 2026-09-04,2026-09-04
R-17,R,17,open,,,,,0,,paper,import 2026-09-04,2026-09-04
R-18,R,18,open,,,,,0,,paper,import 2026-09-04,2026-09-04
R-19,R,19,open,,,,,0,,paper,import 2026-09-04,2026-09-04
R-20,R,20,open,,,,,0,,paper,import 2026-09-04,2026-09-04
R-21,R,21,open,,,,,0,,paper,import 2026-09-04,2026-09-04
R-22,R,22,open,,,,,0,,paper,import 2026-09-04,2026-09-04
R-23,R,23,open,,,,,0,,paper,import 2026-09-04,2026-09-04
R-24,R,24,open,,,,,0,,paper,import 2026-09-04,2026-09-04
R-25,R,25,open,,,,,0,,paper,import 2026-09-04,2026-09-04
R-26,R,26,open,,,,,0,,paper,import 2026-09-04,2026-09-04
R-27,R,27,open,,,,,0,,paper,import 2026-09-04,2026-09-04
R-28,R,28,open,,,,,0,,paper,import 2026-09-04,2026-09-04
R-29,R,29,open,,,,,0,,paper,import 2026-09-04,2026-09-04
R-30,R,30,open,,,,,0,,paper,import 2026-09-04,2026-09-04
R-31,R,31,open,,,,,0,,paper,import 2026-09-04,2026-09-04
R-32,R,32,open,,,,,0,,paper,import 2026-09-04,2026-09-04
R-33,R,33,open,,,,,0,,paper,import 2026-09-04,2026-09-04
R-34,R,34,open,,,,,0,,paper,import 2026-09-04,2026-09-04
R-35,R,35,open,,,,,0,,paper,import 2026-09-04,2026-09-04
R-36,R,36,open,,,,,0,,paper,import 2026-09-04,2026-09-04
R-37,R,37,open,,,,,0,,paper,import 2026-09-04,2026-09-04
R-38,R,38,open,,,,,0,,paper,import 2026-09-04,2026-09-04
R-39,R,39,open,,,,,0,,paper,import 2026-09-04,2026-09-04
R-40,R,40,open,,,,,0,,paper,import 2026-09-04,2026-09-04
R-41,R,41,open,,,,,0,,paper,import 2026-09-04,2026-09-04
R-42,R,42,open,,,,,0,,paper,import 2026-09-04,2026-09-04
R-43,R,43,open,,,,,0,,paper,import 2026-09-04,2026-09-04
R-44,R,44,open,,,,,0,,paper,import 2026-09-04,2026-09-04
R-45,R,45,open,,,,,0,,paper,import 2026-09-04,2026-09-04
R-46,R,46,open,,,,,0,,paper,import 2026-09-04,2026-09-04
R-47,R,47,open,,,,,0,,paper,import 2026-09-04,2026-09-04
R-48,R,48,open,,,,,0,,paper,import 2026-09-04,2026-09-04
R-49,R,49,open,,,,,0,,paper,import 2026-09-04,2026-09-04
R-50,R,50,open,,,,,0,,paper,import 2026-09-04,2026-09-04
R-51,R,51,open,,,,,0,,paper,import 2026-09-04,2026-09-04
R-52,R,52,open,,,,,0,,paper,import 2026-09-04,2026-09-04
R-53,R,53,open,,,,,0,,paper,import 2026-09-04,2026-09-04
R-54,R,54,open,,,,,0,,paper,import 2026-09-04,2026-09-04
R-55,R,55,open,,,,,0,,paper,import 2026-09-04,2026-09-04
R-56,R,56,open,,,,,0,,paper,import 2026-09-04,2026-09-04
R-57,R,57,open,,,,,0,,paper,import 2026-09-04,2026-09-04
R-58,R,58,open,,,,,0,,paper,import 2026-09-04,2026-09-04
R-59,R,59,open,,,,,0,,paper,import 2026-09-04,2026-09-04
R-60,R,60,open,,,,,0,,paper,import 2026-09-04,2026-09-04
R-61,R,61,open,,,,,0,,paper,import 2026-09-04,2026-09-04
R-62,R,62,open,,,,,0,,paper,import 2026-09-04,2026-09-04
R-63,R,63,open,,,,,0,,paper,import 2026-09-04,2026-09-04
R-64,R,64,open,,,,,0,,paper,import 2026-09-04,2026-09-04
R-65,R,65,open,,,,,0,,paper,import 2026-09-04,2026-09-04
R-66,R,66,open,,,,,0,,paper,import 2026-09-04,2026-09-04
R-67,R,67,open,,,,,0,,paper,import 2026-09-04,2026-09-04
R-68,R,68,open,,,,,0,,paper,import 2026-09-04,2026-09-04
R-69,R,69,open,,,,,0,,paper,import 2026-09-04,2026-09-04
R-70,R,70,open,,,,,0,,paper,import 2026-09-04,2026-09-04
R-71,R,71,open,,,,,0,,paper,import 2026-09-04,2026-09-04
R-72,R,72,open,,,,,0,,paper,import 2026-09-04,2026-09-04
R-73,R,73,open,,,,,0,,paper,import 2026-09-04,2026-09-04
R-74,R,74,open,,,,,0,,paper,import 2026-09-04,2026-09-04
R-75,R,75,open,,,,,0,,paper,import 2026-09-04,2026-09-04
R-76,R,76,open,,,,,0,,paper,import 2026-09-04,2026-09-04
R-77,R,77,open,,,,,0,,paper,import 2026-09-04,2026-09-04
R-78,R,78,open,,,,,0,,paper,import 2026-09-04,2026-09-04
R-79,R,79,open,,,,,0,,paper,import 2026-09-04,2026-09-04
R-80,R,80,open,,,,,0,,paper,import 2026-09-04,2026-09-04
S-1,S,1,open,,,,,0,,paper,import 2026-09-04,2026-09-04
S-2,S,2,open,,,,,0,,paper,import 2026-09-04,2026-09-04
S-3,S,3,open,,,,,0,,paper,import 2026-09-04,2026-09-04
S-4,S,4,open,,,,,0,,paper,import 2026-09-04,2026-09-04
S-5,S,5,open,,,,,0,,paper,import 2026-09-04,2026-09-04
S-6,S,6,open,,,,,0,,paper,import 2026-09-04,2026-09-04
S-7,S,7,open,,,,,0,,paper,import 2026-09-04,2026-09-04
S-8,S,8,open,,,,,0,,paper,import 2026-09-04,2026-09-04
S-9,S,9,open,,,,,0,,paper,import 2026-09-04,2026-09-04
S-10,S,10,open,,,,,0,,paper,import 2026-09-04,2026-09-04
S-11,S,11,open,,,,,0,,paper,import 2026-09-04,2026-09-04
S-12,S,12,open,,,,,0,,paper,import 2026-09-04,2026-09-04
S-13,S,13,open,,,,,0,,paper,import 2026-09-04,2026-09-04
S-14,S,14,open,,,,,0,,paper,import 2026-09-04,2026-09-04
S-15,S,15,open,,,,,0,,paper,import 2026-09-04,2026-09-04
S-16,S,16,open,,,,,0,,paper,import 2026-09-04,2026-09-04
S-17,S,17,open,,,,,0,,paper,import 2026-09-04,2026-09-04
S-18,S,18,open,,,,,0,,paper,import 2026-09-04,2026-09-04
S-19,S,19,open,,,,,0,,paper,import 2026-09-04,2026-09-04
S-20,S,20,open,,,,,0,,paper,import 2026-09-04,2026-09-04
S-21,S,21,unusable,,,,,0,paper mark: TREE (7 1/2 ft by 2 1/2 ft),paper,import 2026-09-04,2026-09-04
S-22,S,22,open,,,,,0,,paper,import 2026-09-04,2026-09-04
S-23,S,23,open,,,,,0,,paper,import 2026-09-04,2026-09-04
S-24,S,24,open,,,,,0,,paper,import 2026-09-04,2026-09-04
S-25,S,25,open,,,,,0,,paper,import 2026-09-04,2026-09-04
S-26,S,26,occupied,,,,,1,,paper,import 2026-09-04,2026-09-04
S-27,S,27,occupied,,,,,1,,paper,import 2026-09-04,2026-09-04
S-28,S,28,open,,,,,0,,paper,import 2026-09-04,2026-09-04
S-29,S,29,open,,,,,0,,paper,import 2026-09-04,2026-09-04
S-30,S,30,open,,,,,0,,paper,import 2026-09-04,2026-09-04
S-31,S,31,open,,,,,0,,paper,import 2026-09-04,2026-09-04
S-32,S,32,open,,,,,0,,paper,import 2026-09-04,2026-09-04
S-33,S,33,open,,,,,0,,paper,import 2026-09-04,2026-09-04
S-34,S,34,open,,,,,0,,paper,import 2026-09-04,2026-09-04
S-35,S,35,open,,,,,0,,paper,import 2026-09-04,2026-09-04
S-36,S,36,open,,,,,0,,paper,import 2026-09-04,2026-09-04
S-37,S,37,open,,,,,0,,paper,import 2026-09-04,2026-09-04
S-38,S,38,open,,,,,0,,paper,import 2026-09-04,2026-09-04
S-39,S,39,open,,,,,0,,paper,import 2026-09-04,2026-09-04
S-40,S,40,open,,,,,0,,paper,import 2026-09-04,2026-09-04
S-41,S,41,open,,,,,0,,paper,import 2026-09-04,2026-09-04
S-42,S,42,open,,,,,0,,paper,import 2026-09-04,2026-09-04
S-43,S,43,open,,,,,0,,paper,import 2026-09-04,2026-09-04
S-44,S,44,open,,,,,0,,paper,import 2026-09-04,2026-09-04
S-45,S,45,open,,,,,0,,paper,import 2026-09-04,2026-09-04
S-46,S,46,open,,,,,0,,paper,import 2026-09-04,2026-09-04
S-47,S,47,open,,,,,0,,paper,import 2026-09-04,2026-09-04
S-48,S,48,open,,,,,0,,paper,import 2026-09-04,2026-09-04
S-49,S,49,open,,,,,0,,paper,import 2026-09-04,2026-09-04
S-50,S,50,open,,,,,0,,paper,import 2026-09-04,2026-09-04
S-51,S,51,open,,,,,0,,paper,import 2026-09-04,2026-09-04
S-52,S,52,open,,,,,0,,paper,import 2026-09-04,2026-09-04
S-53,S,53,open,,,,,0,,paper,import 2026-09-04,2026-09-04
S-54,S,54,open,,,,,0,,paper,import 2026-09-04,2026-09-04
S-55,S,55,open,,,,,0,,paper,import 2026-09-04,2026-09-04
S-56,S,56,open,,,,,0,,paper,import 2026-09-04,2026-09-04
S-57,S,57,open,,,,,0,,paper,import 2026-09-04,2026-09-04
S-58,S,58,open,,,,,0,,paper,import 2026-09-04,2026-09-04
S-59,S,59,open,,,,,0,,paper,import 2026-09-04,2026-09-04
S-60,S,60,open,,,,,0,,paper,import 2026-09-04,2026-09-04
S-61,S,61,unusable,,,,,0,"paper mark: TREE, dimensions partly illegible",paper,import 2026-09-04,2026-09-04
S-62,S,62,open,,,,,0,,paper,import 2026-09-04,2026-09-04
S-63,S,63,open,,,,,0,,paper,import 2026-09-04,2026-09-04
S-64,S,64,open,,,,,0,,paper,import 2026-09-04,2026-09-04
S-65,S,65,open,,,,,0,,paper,import 2026-09-04,2026-09-04
S-66,S,66,open,,,,,0,,paper,import 2026-09-04,2026-09-04
S-67,S,67,open,,,,,0,,paper,import 2026-09-04,2026-09-04
S-68,S,68,open,,,,,0,,paper,import 2026-09-04,2026-09-04
S-69,S,69,open,,,,,0,,paper,import 2026-09-04,2026-09-04
S-70,S,70,open,,,,,0,,paper,import 2026-09-04,2026-09-04
S-71,S,71,open,,,,,0,,paper,import 2026-09-04,2026-09-04
S-72,S,72,open,,,,,0,,paper,import 2026-09-04,2026-09-04
S-73,S,73,open,,,,,0,,paper,import 2026-09-04,2026-09-04
S-74,S,74,open,,,,,0,,paper,import 2026-09-04,2026-09-04
S-75,S,75,open,,,,,0,,paper,import 2026-09-04,2026-09-04
S-76,S,76,open,,,,,0,,paper,import 2026-09-04,2026-09-04
S-77,S,77,open,,,,,0,,paper,import 2026-09-04,2026-09-04
S-78,S,78,open,,,,,0,,paper,import 2026-09-04,2026-09-04
S-79,S,79,open,,,,,0,,paper,import 2026-09-04,2026-09-04
S-80,S,80,open,,,,,0,,paper,import 2026-09-04,2026-09-04
T-1,T,1,open,,,,,0,,paper,import 2026-09-04,2026-09-04
T-2,T,2,open,,,,,0,,paper,import 2026-09-04,2026-09-04
T-3,T,3,open,,,,,0,,paper,import 2026-09-04,2026-09-04
T-4,T,4,open,,,,,0,,paper,import 2026-09-04,2026-09-04
T-5,T,5,open,,,,,0,,paper,import 2026-09-04,2026-09-04
T-6,T,6,open,,,,,0,,paper,import 2026-09-04,2026-09-04
T-7,T,7,open,,,,,0,,paper,import 2026-09-04,2026-09-04
T-8,T,8,open,,,,,0,,paper,import 2026-09-04,2026-09-04
T-9,T,9,open,,,,,0,,paper,import 2026-09-04,2026-09-04
T-10,T,10,open,,,,,0,,paper,import 2026-09-04,2026-09-04
T-11,T,11,open,,,,,0,,paper,import 2026-09-04,2026-09-04
T-12,T,12,open,,,,,0,,paper,import 2026-09-04,2026-09-04
T-13,T,13,open,,,,,0,,paper,import 2026-09-04,2026-09-04
T-14,T,14,open,,,,,0,,paper,import 2026-09-04,2026-09-04
T-15,T,15,open,,,,,0,,paper,import 2026-09-04,2026-09-04
T-16,T,16,open,,,,,0,,paper,import 2026-09-04,2026-09-04
T-17,T,17,open,,,,,0,,paper,import 2026-09-04,2026-09-04
T-18,T,18,occupied,John Pat Samson,2019,150,Cash,1,in Plots Sold ledger,paper,import 2026-09-04,2026-09-04
T-19,T,19,occupied,John Pat Samson,2019,150,Cash,1,in Plots Sold ledger,paper,import 2026-09-04,2026-09-04
T-20,T,20,occupied,John Pat Samson,2019,150,Cash,1,in Plots Sold ledger,paper,import 2026-09-04,2026-09-04
T-21,T,21,occupied,John Pat Samson,2019,150,Cash,1,in Plots Sold ledger,paper,import 2026-09-04,2026-09-04
T-22,T,22,occupied,John Pat Samson,2019,150,Cash,1,in Plots Sold ledger,paper,import 2026-09-04,2026-09-04
T-23,T,23,occupied,John Pat Samson,2019,150,Cash,1,in Plots Sold ledger,paper,import 2026-09-04,2026-09-04
T-24,T,24,open,,,,,0,,paper,import 2026-09-04,2026-09-04
T-25,T,25,open,,,,,0,,paper,import 2026-09-04,2026-09-04
T-26,T,26,open,,,,,0,,paper,import 2026-09-04,2026-09-04
T-27,T,27,open,,,,,0,,paper,import 2026-09-04,2026-09-04
T-28,T,28,open,,,,,0,,paper,import 2026-09-04,2026-09-04
T-29,T,29,open,,,,,0,,paper,import 2026-09-04,2026-09-04
T-30,T,30,open,,,,,0,,paper,import 2026-09-04,2026-09-04
T-31,T,31,open,,,,,0,,paper,import 2026-09-04,2026-09-04
T-32,T,32,open,,,,,0,,paper,import 2026-09-04,2026-09-04
T-33,T,33,open,,,,,0,,paper,import 2026-09-04,2026-09-04
T-34,T,34,open,,,,,0,,paper,import 2026-09-04,2026-09-04
T-35,T,35,open,,,,,0,,paper,import 2026-09-04,2026-09-04
T-36,T,36,open,,,,,0,,paper,import 2026-09-04,2026-09-04
T-37,T,37,open,,,,,0,,paper,import 2026-09-04,2026-09-04
T-38,T,38,open,,,,,0,,paper,import 2026-09-04,2026-09-04
T-39,T,39,open,,,,,0,,paper,import 2026-09-04,2026-09-04
T-40,T,40,open,,,,,0,,paper,import 2026-09-04,2026-09-04
T-41,T,41,open,,,,,0,,paper,import 2026-09-04,2026-09-04
T-42,T,42,open,,,,,0,,paper,import 2026-09-04,2026-09-04
T-43,T,43,open,,,,,0,,paper,import 2026-09-04,2026-09-04
T-44,T,44,open,,,,,0,,paper,import 2026-09-04,2026-09-04
T-45,T,45,open,,,,,0,,paper,import 2026-09-04,2026-09-04
T-46,T,46,open,,,,,0,,paper,import 2026-09-04,2026-09-04
T-47,T,47,open,,,,,0,,paper,import 2026-09-04,2026-09-04
T-48,T,48,open,,,,,0,,paper,import 2026-09-04,2026-09-04
T-49,T,49,open,,,,,0,,paper,import 2026-09-04,2026-09-04
T-50,T,50,open,,,,,0,,paper,import 2026-09-04,2026-09-04
T-51,T,51,open,,,,,0,,paper,import 2026-09-04,2026-09-04
T-52,T,52,open,,,,,0,,paper,import 2026-09-04,2026-09-04
T-53,T,53,open,,,,,0,,paper,import 2026-09-04,2026-09-04
T-54,T,54,open,,,,,0,,paper,import 2026-09-04,2026-09-04
T-55,T,55,open,,,,,0,,paper,import 2026-09-04,2026-09-04
T-56,T,56,open,,,,,0,,paper,import 2026-09-04,2026-09-04
T-57,T,57,open,,,,,0,,paper,import 2026-09-04,2026-09-04
T-58,T,58,open,,,,,0,,paper,import 2026-09-04,2026-09-04
T-59,T,59,open,,,,,0,,paper,import 2026-09-04,2026-09-04
T-60,T,60,open,,,,,0,,paper,import 2026-09-04,2026-09-04
T-61,T,61,open,,,,,0,,paper,import 2026-09-04,2026-09-04
T-62,T,62,open,,,,,0,,paper,import 2026-09-04,2026-09-04
T-63,T,63,open,,,,,0,,paper,import 2026-09-04,2026-09-04
T-64,T,64,open,,,,,0,,paper,import 2026-09-04,2026-09-04
T-65,T,65,open,,,,,0,,paper,import 2026-09-04,2026-09-04
T-66,T,66,open,,,,,0,,paper,import 2026-09-04,2026-09-04
T-67,T,67,open,,,,,0,,paper,import 2026-09-04,2026-09-04
T-68,T,68,open,,,,,0,,paper,import 2026-09-04,2026-09-04
T-69,T,69,open,,,,,0,,paper,import 2026-09-04,2026-09-04
T-70,T,70,open,,,,,0,,paper,import 2026-09-04,2026-09-04
T-71,T,71,open,,,,,0,,paper,import 2026-09-04,2026-09-04
T-72,T,72,open,,,,,0,,paper,import 2026-09-04,2026-09-04
T-73,T,73,open,,,,,0,,paper,import 2026-09-04,2026-09-04
T-74,T,74,open,,,,,0,,paper,import 2026-09-04,2026-09-04
T-75,T,75,open,,,,,0,,paper,import 2026-09-04,2026-09-04
T-76,T,76,open,,,,,0,,paper,import 2026-09-04,2026-09-04
T-77,T,77,open,,,,,0,,paper,import 2026-09-04,2026-09-04
T-78,T,78,open,,,,,0,,paper,import 2026-09-04,2026-09-04
T-79,T,79,open,,,,,0,,paper,import 2026-09-04,2026-09-04
T-80,T,80,open,,,,,0,,paper,import 2026-09-04,2026-09-04
U-1,U,1,open,,,,,0,,paper,import 2026-09-04,2026-09-04
U-2,U,2,open,,,,,0,,paper,import 2026-09-04,2026-09-04
U-3,U,3,open,,,,,0,,paper,import 2026-09-04,2026-09-04
U-4,U,4,open,,,,,0,,paper,import 2026-09-04,2026-09-04
U-5,U,5,open,,,,,0,,paper,import 2026-09-04,2026-09-04
U-6,U,6,open,,,,,0,,paper,import 2026-09-04,2026-09-04
U-7,U,7,open,,,,,0,,paper,import 2026-09-04,2026-09-04
U-8,U,8,open,,,,,0,,paper,import 2026-09-04,2026-09-04
U-9,U,9,open,,,,,0,,paper,import 2026-09-04,2026-09-04
U-10,U,10,open,,,,,0,,paper,import 2026-09-04,2026-09-04
U-11,U,11,open,,,,,0,,paper,import 2026-09-04,2026-09-04
U-12,U,12,open,,,,,0,,paper,import 2026-09-04,2026-09-04
U-13,U,13,open,,,,,0,,paper,import 2026-09-04,2026-09-04
U-14,U,14,open,,,,,0,,paper,import 2026-09-04,2026-09-04
U-15,U,15,open,,,,,0,,paper,import 2026-09-04,2026-09-04
U-16,U,16,open,,,,,0,,paper,import 2026-09-04,2026-09-04
U-17,U,17,open,,,,,0,,paper,import 2026-09-04,2026-09-04
U-18,U,18,open,,,,,0,,paper,import 2026-09-04,2026-09-04
U-19,U,19,open,,,,,0,,paper,import 2026-09-04,2026-09-04
U-20,U,20,open,,,,,0,,paper,import 2026-09-04,2026-09-04
U-21,U,21,open,,,,,0,,paper,import 2026-09-04,2026-09-04
U-22,U,22,open,,,,,0,,paper,import 2026-09-04,2026-09-04
U-23,U,23,open,,,,,0,,paper,import 2026-09-04,2026-09-04
U-24,U,24,open,,,,,0,,paper,import 2026-09-04,2026-09-04
U-25,U,25,open,,,,,0,,paper,import 2026-09-04,2026-09-04
U-26,U,26,open,,,,,0,,paper,import 2026-09-04,2026-09-04
U-27,U,27,open,,,,,0,,paper,import 2026-09-04,2026-09-04
U-28,U,28,open,,,,,0,,paper,import 2026-09-04,2026-09-04
U-29,U,29,open,,,,,0,,paper,import 2026-09-04,2026-09-04
U-30,U,30,open,,,,,0,,paper,import 2026-09-04,2026-09-04
U-31,U,31,open,,,,,0,,paper,import 2026-09-04,2026-09-04
U-32,U,32,open,,,,,0,,paper,import 2026-09-04,2026-09-04
U-33,U,33,open,,,,,0,,paper,import 2026-09-04,2026-09-04
U-34,U,34,open,,,,,0,,paper,import 2026-09-04,2026-09-04
U-35,U,35,open,,,,,0,,paper,import 2026-09-04,2026-09-04
U-36,U,36,open,,,,,0,,paper,import 2026-09-04,2026-09-04
U-37,U,37,open,,,,,0,,paper,import 2026-09-04,2026-09-04
U-38,U,38,open,,,,,0,,paper,import 2026-09-04,2026-09-04
U-39,U,39,open,,,,,0,,paper,import 2026-09-04,2026-09-04
U-40,U,40,open,,,,,0,,paper,import 2026-09-04,2026-09-04
U-41,U,41,open,,,,,0,,paper,import 2026-09-04,2026-09-04
U-42,U,42,open,,,,,0,,paper,import 2026-09-04,2026-09-04
U-43,U,43,open,,,,,0,,paper,import 2026-09-04,2026-09-04
U-44,U,44,open,,,,,0,,paper,import 2026-09-04,2026-09-04
U-45,U,45,open,,,,,0,,paper,import 2026-09-04,2026-09-04
U-46,U,46,open,,,,,0,,paper,import 2026-09-04,2026-09-04
U-47,U,47,open,,,,,0,,paper,import 2026-09-04,2026-09-04
U-48,U,48,open,,,,,0,,paper,import 2026-09-04,2026-09-04
U-49,U,49,open,,,,,0,,paper,import 2026-09-04,2026-09-04
U-50,U,50,open,,,,,0,,paper,import 2026-09-04,2026-09-04
U-51,U,51,open,,,,,0,,paper,import 2026-09-04,2026-09-04
U-52,U,52,open,,,,,0,,paper,import 2026-09-04,2026-09-04
U-53,U,53,open,,,,,0,,paper,import 2026-09-04,2026-09-04
U-54,U,54,open,,,,,0,,paper,import 2026-09-04,2026-09-04
U-55,U,55,open,,,,,0,,paper,import 2026-09-04,2026-09-04
U-56,U,56,open,,,,,0,,paper,import 2026-09-04,2026-09-04
U-57,U,57,open,,,,,0,,paper,import 2026-09-04,2026-09-04
U-58,U,58,open,,,,,0,,paper,import 2026-09-04,2026-09-04
U-59,U,59,open,,,,,0,,paper,import 2026-09-04,2026-09-04
U-60,U,60,open,,,,,0,,paper,import 2026-09-04,2026-09-04
U-61,U,61,open,,,,,0,,paper,import 2026-09-04,2026-09-04
U-62,U,62,open,,,,,0,,paper,import 2026-09-04,2026-09-04
U-63,U,63,open,,,,,0,,paper,import 2026-09-04,2026-09-04
U-64,U,64,open,,,,,0,,paper,import 2026-09-04,2026-09-04
U-65,U,65,open,,,,,0,,paper,import 2026-09-04,2026-09-04
U-66,U,66,open,,,,,0,,paper,import 2026-09-04,2026-09-04
U-67,U,67,open,,,,,0,,paper,import 2026-09-04,2026-09-04
U-68,U,68,open,,,,,0,,paper,import 2026-09-04,2026-09-04
U-69,U,69,open,,,,,0,,paper,import 2026-09-04,2026-09-04
U-70,U,70,open,,,,,0,,paper,import 2026-09-04,2026-09-04
U-71,U,71,open,,,,,0,,paper,import 2026-09-04,2026-09-04
U-72,U,72,open,,,,,0,,paper,import 2026-09-04,2026-09-04
U-73,U,73,open,,,,,0,,paper,import 2026-09-04,2026-09-04
U-74,U,74,open,,,,,0,,paper,import 2026-09-04,2026-09-04
U-75,U,75,open,,,,,0,,paper,import 2026-09-04,2026-09-04
U-76,U,76,open,,,,,0,,paper,import 2026-09-04,2026-09-04
U-77,U,77,open,,,,,0,,paper,import 2026-09-04,2026-09-04
U-78,U,78,open,,,,,0,,paper,import 2026-09-04,2026-09-04
U-79,U,79,open,,,,,0,,paper,import 2026-09-04,2026-09-04
U-80,U,80,open,,,,,0,,paper,import 2026-09-04,2026-09-04
V-1,V,1,open,,,,,0,,paper,import 2026-09-04,2026-09-04
V-2,V,2,open,,,,,0,,paper,import 2026-09-04,2026-09-04
V-3,V,3,open,,,,,0,,paper,import 2026-09-04,2026-09-04
V-4,V,4,open,,,,,0,,paper,import 2026-09-04,2026-09-04
V-5,V,5,open,,,,,0,,paper,import 2026-09-04,2026-09-04
V-6,V,6,open,,,,,0,,paper,import 2026-09-04,2026-09-04
V-7,V,7,open,,,,,0,,paper,import 2026-09-04,2026-09-04
V-8,V,8,open,,,,,0,,paper,import 2026-09-04,2026-09-04
V-9,V,9,open,,,,,0,,paper,import 2026-09-04,2026-09-04
V-10,V,10,open,,,,,0,,paper,import 2026-09-04,2026-09-04
V-11,V,11,open,,,,,0,,paper,import 2026-09-04,2026-09-04
V-12,V,12,open,,,,,0,,paper,import 2026-09-04,2026-09-04
V-13,V,13,open,,,,,0,,paper,import 2026-09-04,2026-09-04
V-14,V,14,open,,,,,0,,paper,import 2026-09-04,2026-09-04
V-15,V,15,open,,,,,0,,paper,import 2026-09-04,2026-09-04
V-16,V,16,open,,,,,0,,paper,import 2026-09-04,2026-09-04
V-17,V,17,open,,,,,0,,paper,import 2026-09-04,2026-09-04
V-18,V,18,open,,,,,0,,paper,import 2026-09-04,2026-09-04
V-19,V,19,open,,,,,0,,paper,import 2026-09-04,2026-09-04
V-20,V,20,open,,,,,0,,paper,import 2026-09-04,2026-09-04
V-21,V,21,open,,,,,0,,paper,import 2026-09-04,2026-09-04
V-22,V,22,open,,,,,0,,paper,import 2026-09-04,2026-09-04
V-23,V,23,open,,,,,0,,paper,import 2026-09-04,2026-09-04
V-24,V,24,open,,,,,0,,paper,import 2026-09-04,2026-09-04
V-25,V,25,open,,,,,0,,paper,import 2026-09-04,2026-09-04
V-26,V,26,open,,,,,0,,paper,import 2026-09-04,2026-09-04
V-27,V,27,open,,,,,0,,paper,import 2026-09-04,2026-09-04
V-28,V,28,open,,,,,0,,paper,import 2026-09-04,2026-09-04
V-29,V,29,open,,,,,0,,paper,import 2026-09-04,2026-09-04
V-30,V,30,open,,,,,0,,paper,import 2026-09-04,2026-09-04
V-31,V,31,open,,,,,0,,paper,import 2026-09-04,2026-09-04
V-32,V,32,open,,,,,0,,paper,import 2026-09-04,2026-09-04
V-33,V,33,open,,,,,0,,paper,import 2026-09-04,2026-09-04
V-34,V,34,open,,,,,0,,paper,import 2026-09-04,2026-09-04
V-35,V,35,open,,,,,0,,paper,import 2026-09-04,2026-09-04
V-36,V,36,open,,,,,0,,paper,import 2026-09-04,2026-09-04
V-37,V,37,open,,,,,0,,paper,import 2026-09-04,2026-09-04
V-38,V,38,open,,,,,0,,paper,import 2026-09-04,2026-09-04
V-39,V,39,open,,,,,0,,paper,import 2026-09-04,2026-09-04
V-40,V,40,open,,,,,0,,paper,import 2026-09-04,2026-09-04
V-41,V,41,open,,,,,0,,paper,import 2026-09-04,2026-09-04
V-42,V,42,open,,,,,0,,paper,import 2026-09-04,2026-09-04
V-43,V,43,open,,,,,0,,paper,import 2026-09-04,2026-09-04
V-44,V,44,open,,,,,0,,paper,import 2026-09-04,2026-09-04
V-45,V,45,open,,,,,0,,paper,import 2026-09-04,2026-09-04
V-46,V,46,open,,,,,0,,paper,import 2026-09-04,2026-09-04
V-47,V,47,open,,,,,0,,paper,import 2026-09-04,2026-09-04
V-48,V,48,open,,,,,0,,paper,import 2026-09-04,2026-09-04
V-49,V,49,open,,,,,0,,paper,import 2026-09-04,2026-09-04
V-50,V,50,open,,,,,0,,paper,import 2026-09-04,2026-09-04
V-51,V,51,open,,,,,0,,paper,import 2026-09-04,2026-09-04
V-52,V,52,open,,,,,0,,paper,import 2026-09-04,2026-09-04
V-53,V,53,open,,,,,0,,paper,import 2026-09-04,2026-09-04
V-54,V,54,open,,,,,0,,paper,import 2026-09-04,2026-09-04
V-55,V,55,open,,,,,0,,paper,import 2026-09-04,2026-09-04
V-56,V,56,open,,,,,0,,paper,import 2026-09-04,2026-09-04
V-57,V,57,open,,,,,0,,paper,import 2026-09-04,2026-09-04
V-58,V,58,open,,,,,0,,paper,import 2026-09-04,2026-09-04
V-59,V,59,open,,,,,0,,paper,import 2026-09-04,2026-09-04
V-60,V,60,open,,,,,0,,paper,import 2026-09-04,2026-09-04
V-61,V,61,open,,,,,0,,paper,import 2026-09-04,2026-09-04
V-62,V,62,open,,,,,0,,paper,import 2026-09-04,2026-09-04
V-63,V,63,open,,,,,0,,paper,import 2026-09-04,2026-09-04
V-64,V,64,open,,,,,0,,paper,import 2026-09-04,2026-09-04
V-65,V,65,open,,,,,0,,paper,import 2026-09-04,2026-09-04
V-66,V,66,open,,,,,0,,paper,import 2026-09-04,2026-09-04
V-67,V,67,open,,,,,0,,paper,import 2026-09-04,2026-09-04
V-68,V,68,open,,,,,0,,paper,import 2026-09-04,2026-09-04
V-69,V,69,open,,,,,0,,paper,import 2026-09-04,2026-09-04
V-70,V,70,open,,,,,0,,paper,import 2026-09-04,2026-09-04
V-71,V,71,open,,,,,0,,paper,import 2026-09-04,2026-09-04
V-72,V,72,open,,,,,0,,paper,import 2026-09-04,2026-09-04
V-73,V,73,open,,,,,0,,paper,import 2026-09-04,2026-09-04
V-74,V,74,open,,,,,0,,paper,import 2026-09-04,2026-09-04
V-75,V,75,open,,,,,0,,paper,import 2026-09-04,2026-09-04
V-76,V,76,open,,,,,0,,paper,import 2026-09-04,2026-09-04
V-77,V,77,open,,,,,0,,paper,import 2026-09-04,2026-09-04
V-78,V,78,open,,,,,0,,paper,import 2026-09-04,2026-09-04
V-79,V,79,open,,,,,0,,paper,import 2026-09-04,2026-09-04
V-80,V,80,open,,,,,0,,paper,import 2026-09-04,2026-09-04
W-1,W,1,open,,,,,0,,paper,import 2026-09-04,2026-09-04
W-2,W,2,open,,,,,0,,paper,import 2026-09-04,2026-09-04
W-3,W,3,open,,,,,0,,paper,import 2026-09-04,2026-09-04
W-4,W,4,open,,,,,0,,paper,import 2026-09-04,2026-09-04
W-5,W,5,open,,,,,0,,paper,import 2026-09-04,2026-09-04
W-6,W,6,open,,,,,0,,paper,import 2026-09-04,2026-09-04
W-7,W,7,open,,,,,0,,paper,import 2026-09-04,2026-09-04
W-8,W,8,open,,,,,0,,paper,import 2026-09-04,2026-09-04
W-9,W,9,open,,,,,0,,paper,import 2026-09-04,2026-09-04
W-10,W,10,open,,,,,0,,paper,import 2026-09-04,2026-09-04
W-11,W,11,open,,,,,0,,paper,import 2026-09-04,2026-09-04
W-12,W,12,open,,,,,0,,paper,import 2026-09-04,2026-09-04
W-13,W,13,open,,,,,0,,paper,import 2026-09-04,2026-09-04
W-14,W,14,open,,,,,0,,paper,import 2026-09-04,2026-09-04
W-15,W,15,open,,,,,0,,paper,import 2026-09-04,2026-09-04
W-16,W,16,open,,,,,0,,paper,import 2026-09-04,2026-09-04
W-17,W,17,open,,,,,0,,paper,import 2026-09-04,2026-09-04
W-18,W,18,open,,,,,0,,paper,import 2026-09-04,2026-09-04
W-19,W,19,open,,,,,0,,paper,import 2026-09-04,2026-09-04
W-20,W,20,open,,,,,0,,paper,import 2026-09-04,2026-09-04
W-21,W,21,open,,,,,0,,paper,import 2026-09-04,2026-09-04
W-22,W,22,open,,,,,0,,paper,import 2026-09-04,2026-09-04
W-23,W,23,open,,,,,0,,paper,import 2026-09-04,2026-09-04
W-24,W,24,open,,,,,0,,paper,import 2026-09-04,2026-09-04
W-25,W,25,open,,,,,0,,paper,import 2026-09-04,2026-09-04
W-26,W,26,open,,,,,0,,paper,import 2026-09-04,2026-09-04
W-27,W,27,open,,,,,0,,paper,import 2026-09-04,2026-09-04
W-28,W,28,open,,,,,0,,paper,import 2026-09-04,2026-09-04
W-29,W,29,open,,,,,0,,paper,import 2026-09-04,2026-09-04
W-30,W,30,open,,,,,0,,paper,import 2026-09-04,2026-09-04
W-31,W,31,open,,,,,0,,paper,import 2026-09-04,2026-09-04
W-32,W,32,open,,,,,0,,paper,import 2026-09-04,2026-09-04
W-33,W,33,open,,,,,0,,paper,import 2026-09-04,2026-09-04
W-34,W,34,open,,,,,0,,paper,import 2026-09-04,2026-09-04
W-35,W,35,open,,,,,0,,paper,import 2026-09-04,2026-09-04
W-36,W,36,open,,,,,0,,paper,import 2026-09-04,2026-09-04
W-37,W,37,open,,,,,0,,paper,import 2026-09-04,2026-09-04
W-38,W,38,open,,,,,0,,paper,import 2026-09-04,2026-09-04
W-39,W,39,open,,,,,0,,paper,import 2026-09-04,2026-09-04
W-40,W,40,open,,,,,0,,paper,import 2026-09-04,2026-09-04
W-41,W,41,open,,,,,0,,paper,import 2026-09-04,2026-09-04
W-42,W,42,open,,,,,0,,paper,import 2026-09-04,2026-09-04
W-43,W,43,open,,,,,0,,paper,import 2026-09-04,2026-09-04
W-44,W,44,open,,,,,0,,paper,import 2026-09-04,2026-09-04
W-45,W,45,open,,,,,0,,paper,import 2026-09-04,2026-09-04
W-46,W,46,open,,,,,0,,paper,import 2026-09-04,2026-09-04
W-47,W,47,open,,,,,0,,paper,import 2026-09-04,2026-09-04
W-48,W,48,open,,,,,0,,paper,import 2026-09-04,2026-09-04
W-49,W,49,open,,,,,0,,paper,import 2026-09-04,2026-09-04
W-50,W,50,open,,,,,0,,paper,import 2026-09-04,2026-09-04
W-51,W,51,open,,,,,0,,paper,import 2026-09-04,2026-09-04
W-52,W,52,open,,,,,0,,paper,import 2026-09-04,2026-09-04
W-53,W,53,open,,,,,0,,paper,import 2026-09-04,2026-09-04
W-54,W,54,open,,,,,0,,paper,import 2026-09-04,2026-09-04
W-55,W,55,open,,,,,0,,paper,import 2026-09-04,2026-09-04
W-56,W,56,open,,,,,0,,paper,import 2026-09-04,2026-09-04
W-57,W,57,open,,,,,0,,paper,import 2026-09-04,2026-09-04
W-58,W,58,open,,,,,0,,paper,import 2026-09-04,2026-09-04
W-59,W,59,open,,,,,0,,paper,import 2026-09-04,2026-09-04
W-60,W,60,open,,,,,0,,paper,import 2026-09-04,2026-09-04
W-61,W,61,open,,,,,0,,paper,import 2026-09-04,2026-09-04
W-62,W,62,open,,,,,0,,paper,import 2026-09-04,2026-09-04
W-63,W,63,open,,,,,0,,paper,import 2026-09-04,2026-09-04
W-64,W,64,open,,,,,0,,paper,import 2026-09-04,2026-09-04
W-65,W,65,open,,,,,0,,paper,import 2026-09-04,2026-09-04
W-66,W,66,open,,,,,0,,paper,import 2026-09-04,2026-09-04
W-67,W,67,open,,,,,0,,paper,import 2026-09-04,2026-09-04
W-68,W,68,open,,,,,0,,paper,import 2026-09-04,2026-09-04
W-69,W,69,open,,,,,0,,paper,import 2026-09-04,2026-09-04
W-70,W,70,open,,,,,0,,paper,import 2026-09-04,2026-09-04
W-71,W,71,open,,,,,0,,paper,import 2026-09-04,2026-09-04
W-72,W,72,open,,,,,0,,paper,import 2026-09-04,2026-09-04
W-73,W,73,open,,,,,0,,paper,import 2026-09-04,2026-09-04
W-74,W,74,open,,,,,0,,paper,import 2026-09-04,2026-09-04
W-75,W,75,open,,,,,0,,paper,import 2026-09-04,2026-09-04
W-76,W,76,open,,,,,0,,paper,import 2026-09-04,2026-09-04
W-77,W,77,open,,,,,0,,paper,import 2026-09-04,2026-09-04
W-78,W,78,open,,,,,0,,paper,import 2026-09-04,2026-09-04
W-79,W,79,open,,,,,0,,paper,import 2026-09-04,2026-09-04
W-80,W,80,open,,,,,0,,paper,import 2026-09-04,2026-09-04
